"c_representative","c_section","c_size"
"8250/16?50 (AND CLONE UARTS) SERIAL DRIVER","8250/16?50 (AND CLONE UARTS) SERIAL DRIVER",171
"A8293 MEDIA DRIVER","A8293 MEDIA DRIVER",175
"ABI/API","ABI/API",1153
"ACCES 104-IDI-48 GPIO DRIVER","ACCES 104-IDI-48 GPIO DRIVER",335
"ACCES 104-IDIO-16 GPIO DRIVER","ACCES 104-IDIO-16 GPIO DRIVER",311
"ACPI","ACPI",167745
"ACPI","ACPI COMPONENT ARCHITECTURE (ACPICA)",112790
"ACPI","ACPI FAN DRIVER",417
"ACPI","ACPI THERMAL DRIVER",1609
"ACPI","ACPI VIDEO DRIVER",2163
"ACPI","LIBNVDIMM BLK: MMIO-APERTURE DRIVER",3827
"ACPI","PSTORE FILESYSTEM",4496
"AD5398 CURRENT REGULATOR DRIVER (AD5398/AD5821)","AD5398 CURRENT REGULATOR DRIVER (AD5398/AD5821)",279
"ADDRESS SPACE LAYOUT RANDOMIZATION (ASLR)","ADDRESS SPACE LAYOUT RANDOMIZATION (ASLR)",0
"ADT746X FAN DRIVER","ADT746X FAN DRIVER",623
"AFFS FILE SYSTEM","AFFS FILE SYSTEM",4519
"AGPGART DRIVER","AGPGART DRIVER",14997
"AIMSLAB FM RADIO RECEIVER DRIVER","AIMSLAB FM RADIO RECEIVER DRIVER",194
"ALTERA MAILBOX DRIVER","ALTERA MAILBOX DRIVER",388
"AMS (Apple Motion Sensor) DRIVER","AMS (Apple Motion Sensor) DRIVER",967
"APEX EMBEDDED SYSTEMS STX104 DAC DRIVER","APEX EMBEDDED SYSTEMS STX104 DAC DRIVER",152
"APTINA CAMERA SENSOR PLL","APTINA CAMERA SENSOR PLL",229
"ARM MFM AND FLOPPY DRIVERS","ARM MFM AND FLOPPY DRIVERS",180
"ARM PORT","ALPHA PORT",62489
"ARM PORT","AMD SEATTLE DEVICE TREE SUPPORT",754
"ARM PORT","APPLIED MICRO (APM) X-GENE DEVICE TREE SUPPORT",1906
"ARM PORT","ARM PMU PROFILING AND DEBUGGING",8522
"ARM PORT","ARM PORT",872448
"ARM PORT","ARM SUB-ARCHITECTURES",354729
"ARM PORT","ARM/Allwinner sunXi SoC support",61091
"ARM PORT","ARM/Annapurna Labs ALPINE ARCHITECTURE",1019
"ARM PORT","ARM/ARTPEC MACHINE SUPPORT",427
"ARM PORT","ARM/ATMEL AT91RM9200, AT91SAM9 AND SAMA5 SOC SUPPORT",22813
"ARM PORT","ARM/CALXEDA HIGHBANK ARCHITECTURE",934
"ARM PORT","ARM/CAVIUM NETWORKS CNS3XXX MACHINE SUPPORT",1897
"ARM PORT","ARM/CIRRUS LOGIC CLPS711X ARM ARCHITECTURE",4757
"ARM PORT","ARM/CIRRUS LOGIC EP93XX ARM ARCHITECTURE",4700
"ARM PORT","ARM/CONEXANT DIGICOLOR MACHINE SUPPORT",2493
"ARM PORT","ARM/CONTEC MICRO9 MACHINE SUPPORT",128
"ARM PORT","ARM/CORTINA SYSTEMS GEMINI ARM ARCHITECTURE",2038
"ARM PORT","ARM/CSR SIRFPRIMA2 MACHINE SUPPORT",23314
"ARM PORT","ARM/EBSA110 MACHINE SUPPORT",2042
"ARM PORT","ARM/ENERGY MICRO (SILICON LABS) EFM32 SUPPORT",2826
"ARM PORT","ARM/EZX SMARTPHONES (A780, A910, A1200, E680, ROKR E2 and ROKR E6)",1278
"ARM PORT","ARM/FARADAY FA526 PORT",624
"ARM PORT","ARM/FOOTBRIDGE ARCHITECTURE",3200
"ARM PORT","ARM/FREESCALE IMX / MXC ARM ARCHITECTURE",97831
"ARM PORT","ARM/FREESCALE VYBRID ARM ARCHITECTURE",3214
"ARM PORT","ARM/H4700 (HP IPAQ HX4700) MACHINE SUPPORT",1266
"ARM PORT","ARM/HISILICON SOC SUPPORT",4893
"ARM PORT","ARM/HP JORNADA 7XX MACHINE SUPPORT",388
"ARM PORT","ARM/IGEP MACHINE SUPPORT",817
"ARM PORT","ARM/INCOME PXA270 SUPPORT",229
"ARM PORT","ARM/INTEL IXP4XX ARM ARCHITECTURE",8519
"ARM PORT","ARM/INTEL RESEARCH IMOTE/STARGATE 2 MACHINE SUPPORT",1168
"ARM PORT","ARM/LPC18XX ARCHITECTURE",8945
"ARM PORT","ARM/Marvell Berlin SoC support",2762
"ARM PORT","ARM/Marvell Dove/MV78xx0/Orion SOC support",17371
"ARM PORT","ARM/Marvell Kirkwood and Armada 370, 375, 38x, XP SOC support",28413
"ARM PORT","ARM/Mediatek SoC support",26440
"ARM PORT","ARM/MICREL KS8695 ARCHITECTURE",2743
"ARM PORT","ARM/MIOA701 MACHINE SUPPORT",789
"ARM PORT","ARM/NUVOTON W90X900 ARM ARCHITECTURE",7131
"ARM PORT","ARM/Orion SoC/Technologic Systems TS-78xx platform support",666
"ARM PORT","ARM/PALM TREO SUPPORT",560
"ARM PORT","ARM/PALMTX,PALMT5,PALMLD,PALMTE2,PALMTC SUPPORT",2159
"ARM PORT","ARM/PALMZ72 SUPPORT",414
"ARM PORT","ARM/QUALCOMM SUPPORT",15836
"ARM PORT","ARM/RENESAS ARM64 ARCHITECTURE",1516
"ARM PORT","ARM/Rockchip SoC support",43661
"ARM PORT","ARM/SAMSUNG EXYNOS ARM ARCHITECTURES",182909
"ARM PORT","ARM/SAMSUNG MOBILE MACHINE SUPPORT",567
"ARM PORT","ARM/SHMOBILE ARM ARCHITECTURE",23424
"ARM PORT","ARM/SOCFPGA ARCHITECTURE",3761
"ARM PORT","ARM/STI ARCHITECTURE",20348
"ARM PORT","ARM/TANGO ARCHITECTURE",263
"ARM PORT","ARM/TEXAS INSTRUMENT KEYSTONE ARCHITECTURE",2595
"ARM PORT","ARM/VERSATILE EXPRESS PLATFORM",7662
"ARM PORT","ARM/VFP SUPPORT",4141
"ARM PORT","ARM/VOIPAC PXA270 SUPPORT",770
"ARM PORT","ARM/VT8500 ARM ARCHITECTURE",5026
"ARM PORT","ARM/ZIPIT Z2 SUPPORT",777
"ARM PORT","ARM/ZYNQ ARCHITECTURE",36639
"ARM PORT","ARM64 PORT (AARCH64 ARCHITECTURE)",83844
"ARM PORT","ATMEL SPI DRIVER",1788
"ARM PORT","ATMEL Timer Counter (TC) AND CLOCKSOURCE DRIVERS",579
"ARM PORT","BLACKFIN ARCHITECTURE",123517
"ARM PORT","BROADCOM BCM281XX/BCM11XXX/BCM216XX ARM ARCHITECTURE",4284
"ARM PORT","BROADCOM BCM2835 ARM ARCHITECTURE",8823
"ARM PORT","BROADCOM BCM5301X ARM ARCHITECTURE",1779
"ARM PORT","BROADCOM BCM63XX ARM ARCHITECTURE",60
"ARM PORT","BROADCOM BCM7XXX ARM ARCHITECTURE",4471
"ARM PORT","BROADCOM VULCAN ARM64 SOC",177
"ARM PORT","C6X ARCHITECTURE",11672
"ARM PORT","CELL BROADBAND ENGINE ARCHITECTURE",22702
"ARM PORT","CLOCKSOURCE, CLOCKEVENT DRIVERS",18402
"ARM PORT","CPUIDLE DRIVER - ARM EXYNOS",494
"ARM PORT","DEVICE FREQUENCY (DEVFREQ)",6137
"ARM PORT","DEVICE FREQUENCY EVENT (DEVFREQ-EVENT)",1552
"ARM PORT","DRIVERS FOR ADAPTIVE VOLTAGE SCALING (AVS)",1887
"ARM PORT","FPGA MANAGER FRAMEWORK",1671
"ARM PORT","FUJITSU FR-V (FRV) PORT",27233
"ARM PORT","GENERIC PHY FRAMEWORK",20438
"ARM PORT","H8/300 ARCHITECTURE",7191
"ARM PORT","INTEL IXP4XX QMGR, NPE, ETHERNET and HSS SUPPORT",4313
"ARM PORT","IRQCHIP DRIVERS",27392
"ARM PORT","KERNEL VIRTUAL MACHINE (KVM)",148848
"ARM PORT","KERNEL VIRTUAL MACHINE (KVM) FOR ARM",16566
"ARM PORT","KERNEL VIRTUAL MACHINE (KVM) FOR POWERPC",37836
"ARM PORT","KERNEL VIRTUAL MACHINE FOR ARM64 (KVM/arm64)",7975
"ARM PORT","KERNEL VIRTUAL MACHINE for s390 (KVM/s390)",11434
"ARM PORT","LINUX FOR POWER MACINTOSH",36376
"ARM PORT","LINUX FOR POWERPC (32-BIT AND 64-BIT)",463673
"ARM PORT","LINUX FOR POWERPC EMBEDDED MPC5XXX",7365
"ARM PORT","LINUX FOR POWERPC EMBEDDED PPC4XX",2279
"ARM PORT","LINUX FOR POWERPC EMBEDDED PPC83XX AND PPC85XX",9632
"ARM PORT","LINUX FOR POWERPC EMBEDDED PPC8XX",1377
"ARM PORT","LINUX FOR POWERPC EMBEDDED XILINX VIRTEX",1303
"ARM PORT","LINUX FOR POWERPC PA SEMI PWRFICIENT",3913
"ARM PORT","LPC32XX MACHINE SUPPORT",2422
"ARM PORT","M32R ARCHITECTURE",27342
"ARM PORT","MEDIATEK ETHERNET DRIVER",2251
"ARM PORT","METAG ARCHITECTURE",27648
"ARM PORT","MICROBLAZE ARCHITECTURE",20533
"ARM PORT","MMP SUPPORT",6972
"ARM PORT","NIOS2 ARCHITECTURE",11221
"ARM PORT","NVMEM FRAMEWORK",3446
"ARM PORT","OMAP CLOCK FRAMEWORK SUPPORT",7437
"ARM PORT","OMAP DEVICE TREE SUPPORT",49564
"ARM PORT","OMAP GENERAL PURPOSE MEMORY CONTROLLER SUPPORT",3055
"ARM PORT","OMAP HWMOD DATA",23750
"ARM PORT","OMAP HWMOD DATA FOR OMAP4-BASED DEVICES",4806
"ARM PORT","OMAP HWMOD SUPPORT",28523
"ARM PORT","OMAP POWER MANAGEMENT SUPPORT",4342
"ARM PORT","OMAP POWERDOMAIN SOC ADAPTATION LAYER SUPPORT",6504
"ARM PORT","OMAP SUPPORT",125356
"ARM PORT","OMAP/NEWFLOW NANOBONE MACHINE SUPPORT",440
"ARM PORT","OPEN FIRMWARE AND FLATTENED DEVICE TREE BINDINGS",611414
"ARM PORT","OPROFILE",16089
"ARM PORT","PA SEMI SMBUS DRIVER",418
"ARM PORT","PCI ENHANCED ERROR HANDLING (EEH) FOR POWERPC",7829
"ARM PORT","PCMCIA SUBSYSTEM",29524
"ARM PORT","PERFORMANCE EVENTS SUBSYSTEM",188087
"ARM PORT","PS3 PLATFORM SUPPORT",22209
"ARM PORT","PS3VRAM DRIVER",883
"ARM PORT","PWM SUBSYSTEM",16380
"ARM PORT","PXA2xx/PXA3xx SUPPORT",70233
"ARM PORT","RESET CONTROLLER FRAMEWORK",4767
"ARM PORT","SAMSUNG USB2 PHY DRIVER",1880
"ARM PORT","SIMTEC EB2410ITX (BAST)",835
"ARM PORT","SPEAR PLATFORM SUPPORT",6165
"ARM PORT","SPI SUBSYSTEM",68075
"ARM PORT","SPU FILE SYSTEM",12550
"ARM PORT","SUPERH",113896
"ARM PORT","SYNOPSYS ARC ARCHITECTURE",28129
"ARM PORT","SYNOPSYS ARC SDP platform support",1195
"ARM PORT","TEGRA ARCHITECTURE SUPPORT",128354
"ARM PORT","TEGRA PWM DRIVER",250
"ARM PORT","TEGRA SPI DRIVER",3097
"ARM PORT","TENSILICA XTENSA PORT (xtensa)",34796
"ARM PORT","TI DAVINCI MACHINE SUPPORT",22279
"ARM PORT","XEN HYPERVISOR ARM",1439
"ARM PORT","XILINX AXI ETHERNET DRIVER",2421
"ARM PORT","XILINX VIDEO IP CORES",3812
"ARM PRIMECELL BUS SUPPORT","ARM PRIMECELL BUS SUPPORT",1179
"ARM PRIMECELL KMI PL050 DRIVER","ARM PRIMECELL KMI PL050 DRIVER",307
"ARM/ADS SPHERE MACHINE SUPPORT","ARM/ADS SPHERE MACHINE SUPPORT",0
"ARM/AFEB9260 MACHINE SUPPORT","ARM/AFEB9260 MACHINE SUPPORT",0
"ARM/AJECO 1ARM MACHINE SUPPORT","ARM/AJECO 1ARM MACHINE SUPPORT",0
"ARM/CIRRUS LOGIC EDB9315A MACHINE SUPPORT","ARM/CIRRUS LOGIC EDB9315A MACHINE SUPPORT",0
"ARM/CLKDEV SUPPORT","ARM/CLKDEV SUPPORT",431
"ARM/COMPULAB CM-X270/EM-X270 and CM-X300 MACHINE SUPPORT","ARM/COMPULAB CM-X270/EM-X270 and CM-X300 MACHINE SUPPORT",0
"ARM/CORGI MACHINE SUPPORT","ARM/CORGI MACHINE SUPPORT",0
"ARM/GLOMATION GESBC9312SX MACHINE SUPPORT","ARM/GLOMATION GESBC9312SX MACHINE SUPPORT",0
"ARM/GUMSTIX MACHINE SUPPORT","ARM/GUMSTIX MACHINE SUPPORT",0
"ARM/INTEL IOP13XX ARM ARCHITECTURE","ARM/INTEL IOP13XX ARM ARCHITECTURE",0
"ARM/INTEL IOP32X ARM ARCHITECTURE","ARM/INTEL IOP32X ARM ARCHITECTURE",0
"ARM/INTEL IOP33X ARM ARCHITECTURE","ARM/INTEL IOP33X ARM ARCHITECTURE",0
"ARM/INTEL IQ81342EX MACHINE SUPPORT","ARM/INTEL IQ81342EX MACHINE SUPPORT",0
"ARM/INTEL IXDP2850 MACHINE SUPPORT","ARM/INTEL IXDP2850 MACHINE SUPPORT",0
"ARM/INTEL XSC3 (MANZANO) ARM CORE","ARM/INTEL XSC3 (MANZANO) ARM CORE",0
"ARM/IP FABRICS DOUBLE ESPRESSO MACHINE SUPPORT","ARM/IP FABRICS DOUBLE ESPRESSO MACHINE SUPPORT",0
"ARM/LOGICPD PXA270 MACHINE SUPPORT","ARM/LOGICPD PXA270 MACHINE SUPPORT",0
"ARM/MAGICIAN MACHINE SUPPORT","ARM/MAGICIAN MACHINE SUPPORT",0
"ARM/Mediatek RTC DRIVER","ARM/Mediatek RTC DRIVER",421
"ARM/Mediatek USB3 PHY DRIVER","ARM/Mediatek USB3 PHY DRIVER",608
"ARM/NEC MOBILEPRO 900/c MACHINE SUPPORT","ARM/NEC MOBILEPRO 900/c MACHINE SUPPORT",0
"ARM/OPENMOKO NEO FREERUNNER (GTA02) MACHINE SUPPORT","ARM/OPENMOKO NEO FREERUNNER (GTA02) MACHINE SUPPORT",0
"ARM/PLEB SUPPORT","ARM/PLEB SUPPORT",0
"ARM/PT DIGITAL BOARD PORT","ARM/PT DIGITAL BOARD PORT",0
"ARM/RADISYS ENP2611 MACHINE SUPPORT","ARM/RADISYS ENP2611 MACHINE SUPPORT",0
"ARM/SOCFPGA EDAC SUPPORT","ARM/SOCFPGA EDAC SUPPORT",0
"ARM/TECHNOLOGIC SYSTEMS TS7250 MACHINE SUPPORT","ARM/TECHNOLOGIC SYSTEMS TS7250 MACHINE SUPPORT",0
"ARM/TETON BGA MACHINE SUPPORT","ARM/TETON BGA MACHINE SUPPORT",0
"ARM/TEXAS INSTRUMENT AEMIF/EMIF DRIVERS","ARM/TEXAS INSTRUMENT AEMIF/EMIF DRIVERS",2956
"ARM/TEXAS INSTRUMENT KEYSTONE ClOCKSOURCE","ARM/TEXAS INSTRUMENT KEYSTONE ClOCKSOURCE",229
"ARM/TEXAS INSTRUMENT KEYSTONE RESET DRIVER","ARM/TEXAS INSTRUMENT KEYSTONE RESET DRIVER",175
"ARM/THECUS N2100 MACHINE SUPPORT","ARM/THECUS N2100 MACHINE SUPPORT",0
"ARM/TOSA MACHINE SUPPORT","ARM/TOSA MACHINE SUPPORT",0
"ASYNCHRONOUS TRANSFERS/TRANSFORMS (IOAT) API","ANALOG DEVICES INC DMA DRIVERS",699
"ASYNCHRONOUS TRANSFERS/TRANSFORMS (IOAT) API","ARM/U300 MACHINE SUPPORT",7830
"ASYNCHRONOUS TRANSFERS/TRANSFORMS (IOAT) API","ASYNCHRONOUS TRANSFERS/TRANSFORMS (IOAT) API",100085
"ASYNCHRONOUS TRANSFERS/TRANSFORMS (IOAT) API","ATMEL DMA DRIVER",2849
"ASYNCHRONOUS TRANSFERS/TRANSFORMS (IOAT) API","ATMEL XDMA DRIVER",2096
"ASYNCHRONOUS TRANSFERS/TRANSFORMS (IOAT) API","DMA GENERIC OFFLOAD ENGINE SUBSYSTEM",98519
"ASYNCHRONOUS TRANSFERS/TRANSFORMS (IOAT) API","FREESCALE DMA DRIVER",1788
"ASYNCHRONOUS TRANSFERS/TRANSFORMS (IOAT) API","INGENIC JZ4780 DMA Driver",911
"ASYNCHRONOUS TRANSFERS/TRANSFORMS (IOAT) API","INTEL IOP-ADMA DMA DRIVER",1566
"ASYNCHRONOUS TRANSFERS/TRANSFORMS (IOAT) API","INTEL MIC DRIVERS (mic)",27691
"ASYNCHRONOUS TRANSFERS/TRANSFORMS (IOAT) API","SYNOPSYS DESIGNWARE DMAC DRIVER",2737
"ASYNCHRONOUS TRANSFERS/TRANSFORMS (IOAT) API","TEGRA DMA DRIVER",1627
"AT24 EEPROM DRIVER","AT24 EEPROM DRIVER",771
"ATA OVER ETHERNET (AOE) DRIVER","ATA OVER ETHERNET (AOE) DRIVER",3983
"ATM","ATM",45191
"ATM","ATMEL SSC DRIVER",568
"AUDIT SUBSYSTEM","AUDIT SUBSYSTEM",9081
"AUXILIARY DISPLAY DRIVERS","AUXILIARY DISPLAY DRIVERS",993
"AUXILIARY DISPLAY DRIVERS","CFAG12864B LCD DRIVER",476
"AUXILIARY DISPLAY DRIVERS","CFAG12864BFB LCD FRAMEBUFFER DRIVER",270
"AVR32 ARCHITECTURE","AVR32 ARCHITECTURE",26925
"AVR32 ARCHITECTURE","AVR32/AT32AP MACHINE SUPPORT",6131
"AZTECH FM RADIO RECEIVER DRIVER","AZTECH FM RADIO RECEIVER DRIVER",161
"BEFS FILE SYSTEM","BEFS FILE SYSTEM",3972
"BFS FILE SYSTEM","BFS FILE SYSTEM",1285
"BLACKFIN RTC DRIVER","BLACKFIN RTC DRIVER",448
"BLACKFIN WATCHDOG DRIVER","BLACKFIN WATCHDOG DRIVER",476
"BLOCK LAYER","BLOCK LAYER",40939
"BLOCK LAYER","BSG (block layer generic sg v4 driver)",1196
"BLOCK LAYER","GUID PARTITION TABLE (GPT)",870
"BLOCK LAYER","LOGICAL DISK MANAGER SUPPORT (LDM, Windows 2000/XP/Vista Dynamic Disks)",1891
"BLUETOOTH DRIVERS","BLUETOOTH DRIVERS",22198
"BPF (Safe dynamic programs and tools)","BPF (Safe dynamic programs and tools)",6233
"BROADCOM NVRAM DRIVER","BROADCOM NVRAM DRIVER",254
"BROADCOM SPECIFIC AMBA DRIVER (BCMA)","BROADCOM SPECIFIC AMBA DRIVER (BCMA)",8162
"BT8XXGPIO DRIVER","BT8XXGPIO DRIVER",323
"BTRFS FILE SYSTEM","BTRFS FILE SYSTEM",123008
"CEPH DISTRIBUTED FILE SYSTEM CLIENT (CEPH)","CEPH DISTRIBUTED FILE SYSTEM CLIENT (CEPH)",22316
"CERTIFICATE HANDLING:","CERTIFICATE HANDLING:",1168
"CHAR and MISC DRIVERS","AD525X ANALOG DEVICES DIGITAL POTENTIOMETERS DRIVER",765
"CHAR and MISC DRIVERS","CHAR and MISC DRIVERS",50628
"CHAR and MISC DRIVERS","DOUBLETALK DRIVER",748
"CHAR and MISC DRIVERS","HPET:	High Precision Event Timers driver",1248
"CHAR and MISC DRIVERS","LINUX KERNEL DUMP TEST MODULE (LKDTM)",1018
"CHAR and MISC DRIVERS","PARALLEL LCD/KEYPAD PANEL DRIVER",2462
"CHAR and MISC DRIVERS","PC8736x GPIO DRIVER",352
"CHAR and MISC DRIVERS","RANDOM NUMBER DRIVER",1880
"CHAR and MISC DRIVERS","SENSABLE PHANTOM",620
"CHAR and MISC DRIVERS","Telecom Clock Driver for MCPL0010",937
"CHAR and MISC DRIVERS","TOSHIBA SMM DRIVER",634
"CHAR and MISC DRIVERS","VIRTIO CONSOLE DRIVER",2436
"CHAR and MISC DRIVERS","VMWARE BALLOON DRIVER",1318
"CHECKPATCH","CHECKPATCH",5993
"CHROME HARDWARE PLATFORM SUPPORT","CHROME HARDWARE PLATFORM SUPPORT",2847
"CLEANCACHE API","CLEANCACHE API",442
"CLK API","CLK API",507
"COCCINELLE/Semantic Patches (SmPL)","COCCINELLE/Semantic Patches (SmPL)",5572
"COMMON CLK FRAMEWORK","ARM/Allwinner SoC Clock Support",4444
"COMMON CLK FRAMEWORK","ARM/ATMEL AT91 Clock Support",4215
"COMMON CLK FRAMEWORK","ARM/SOCFPGA CLOCK FRAMEWORK SUPPORT",1065
"COMMON CLK FRAMEWORK","ARM/TEXAS INSTRUMENT KEYSTONE CLOCK FRAMEWORK",604
"COMMON CLK FRAMEWORK","ARM/Ux500 CLOCK FRAMEWORK SUPPORT",2199
"COMMON CLK FRAMEWORK","ARM/ZTE ARCHITECTURE",1637
"COMMON CLK FRAMEWORK","COMMON CLK FRAMEWORK",193316
"COMMON CLK FRAMEWORK","SAMSUNG SOC CLOCK DRIVERS",21805
"COMMON CLK FRAMEWORK","SPEAR CLOCK FRAMEWORK SUPPORT",4208
"COMMON CLK FRAMEWORK","SYSTEM CONTROL & POWER INTERFACE (SCPI) Message Protocol drivers",1491
"COMMON CLK FRAMEWORK","TEGRA CLOCK DRIVER",17956
"COMMON CLK FRAMEWORK","TI CDCE706 CLOCK DRIVER",702
"COMMON CLK FRAMEWORK","TI CLOCK DRIVER",15170
"COMPACTPCI HOTPLUG GENERIC DRIVER","COMPACTPCI HOTPLUG GENERIC DRIVER",226
"CONFIGFS","CONFIGFS",3968
"CONNECTOR","CONNECTOR",898
"CONTROL GROUP - CPUSET","CONTROL GROUP - CPUSET",2994
"CONTROL GROUP (CGROUP)","CONTROL GROUP (CGROUP)",8661
"CPU FREQUENCY DRIVERS","CPU FREQUENCY DRIVERS",33263
"CPU FREQUENCY DRIVERS","CPU FREQUENCY DRIVERS - ARM BIG LITTLE",834
"CPU FREQUENCY DRIVERS","INTEL PSTATE DRIVER",1491
"CPU POWER MONITORING SUBSYSTEM","CPU POWER MONITORING SUBSYSTEM",14584
"CPUIDLE DRIVER - ARM BIG LITTLE","CPUIDLE DRIVER - ARM BIG LITTLE",228
"CPUIDLE DRIVERS","CPUIDLE DRIVERS",5285
"CRAMFS FILESYSTEM","CRAMFS FILESYSTEM",968
"CS3308 MEDIA DRIVER","CS3308 MEDIA DRIVER",138
"CYPRESS_FIRMWARE MEDIA DRIVER","CYPRESS_FIRMWARE MEDIA DRIVER",160
"DALLAS/MAXIM DS1685-FAMILY REAL TIME CLOCK","DALLAS/MAXIM DS1685-FAMILY REAL TIME CLOCK",2603
"DELL LAPTOP FREEFALL DRIVER","DELL LAPTOP FREEFALL DRIVER",239
"DELL SYSTEMS MANAGEMENT BASE DRIVER (dcdbas)","DELL SYSTEMS MANAGEMENT BASE DRIVER (dcdbas)",847
"DEVICE COREDUMP (DEV_COREDUMP)","DEVICE COREDUMP (DEV_COREDUMP)",340
"DEVICE NUMBER REGISTRY","DEVICE NUMBER REGISTRY",0
"DIRECTORY NOTIFICATION (DNOTIFY)","DIRECTORY NOTIFICATION (DNOTIFY)",526
"DISK GEOMETRY AND PARTITION HANDLING","DISK GEOMETRY AND PARTITION HANDLING",0
"DISKQUOTA","DISKQUOTA",6931
"DISTRIBUTED LOCK MANAGER (DLM)","DISTRIBUTED LOCK MANAGER (DLM)",17489
"DMI/SMBIOS SUPPORT","DMI/SMBIOS SUPPORT",1465
"DOCUMENTATION","ARM/CORESIGHT FRAMEWORK AND DRIVERS",11632
"DOCUMENTATION","CACHEFILES: FS-CACHE BACKEND FOR CACHING ON MOUNTED FILESYSTEMS",5316
"DOCUMENTATION","CHINESE DOCUMENTATION",6334
"DOCUMENTATION","CODA FILE SYSTEM",5960
"DOCUMENTATION","COMMON INTERNET FILE SYSTEM (CIFS)",55944
"DOCUMENTATION","CXL (IBM Coherent Accelerator Processor Interface CAPI) DRIVER",12040
"DOCUMENTATION","DMA BUFFER SHARING FRAMEWORK",3415
"DOCUMENTATION","DOCUMENTATION",399357
"DOCUMENTATION","DRBD DRIVER",30741
"DOCUMENTATION","EXT2 FILE SYSTEM",9931
"DOCUMENTATION","EXT4 FILE SYSTEM",51216
"DOCUMENTATION","F2FS FILE SYSTEM",24939
"DOCUMENTATION","FAULT INJECTION SUPPORT",688
"DOCUMENTATION","FS-CACHE: LOCAL CACHING FOR NETWORK FILESYSTEMS",10442
"DOCUMENTATION","FUSE: FILESYSTEM IN USERSPACE",11890
"DOCUMENTATION","GFS2 FILE SYSTEM",29814
"DOCUMENTATION","HEWLETT-PACKARD SMART CISS RAID DRIVER (cciss)",8208
"DOCUMENTATION","INTEL MANAGEMENT ENGINE (mei)",14831
"DOCUMENTATION","KCONFIG",25194
"DOCUMENTATION","KDUMP",688
"DOCUMENTATION","KERNEL BUILD + files below scripts/ (unless maintained elsewhere)",8240
"DOCUMENTATION","KGDB / KDB /debug_core",11608
"DOCUMENTATION","KPROBES",3701
"DOCUMENTATION","LOCKDEP AND LOCKSTAT",14596
"DOCUMENTATION","MEN F21BMC (Board Management Controller)",729
"DOCUMENTATION","NILFS2 FILESYSTEM",24580
"DOCUMENTATION","NTFS FILESYSTEM",29920
"DOCUMENTATION","ORANGEFS FILESYSTEM",11146
"DOCUMENTATION","PANASONIC MN10300/AM33/AM34 PORT",34434
"DOCUMENTATION","PARALLEL PORT SUBSYSTEM",16991
"DOCUMENTATION","PARIDE DRIVERS FOR PARALLEL PORT IDE DEVICES",10991
"DOCUMENTATION","RCUTORTURE MODULE",2259
"DOCUMENTATION","READ-COPY UPDATE (RCU)",30212
"DOCUMENTATION","TRACING",78556
"DOCUMENTATION","TUN/TAP driver",931
"DOCUMENTATION","UNIFORM CDROM DRIVER",6713
"DOCUMENTATION","USERSPACE I/O (UIO)",4880
"DOCUMENTATION","W1 DALLAS'S 1-WIRE BUS",11627
"DOCUMENTATION","WATCHDOG DEVICE DRIVERS",56276
"DOCUMENTATION","WORKQUEUE",6569
"DRIVER CORE, KOBJECTS, DEBUGFS, KERNFS AND SYSFS","DRIVER CORE, KOBJECTS, DEBUGFS, KERNFS AND SYSFS",47840
"DRIVER CORE, KOBJECTS, DEBUGFS, KERNFS AND SYSFS","FIRMWARE LOADER (request_firmware)",1955
"DRIVER CORE, KOBJECTS, DEBUGFS, KERNFS AND SYSFS","FREEZER",710
"DRIVER CORE, KOBJECTS, DEBUGFS, KERNFS AND SYSFS","GENERIC PM DOMAINS",2510
"DRIVER CORE, KOBJECTS, DEBUGFS, KERNFS AND SYSFS","HIBERNATION (aka Software Suspend, aka swsusp)",25159
"DRIVER CORE, KOBJECTS, DEBUGFS, KERNFS AND SYSFS","OPERATING PERFORMANCE POINTS (OPP)",3853
"DRIVER CORE, KOBJECTS, DEBUGFS, KERNFS AND SYSFS","POWER MANAGEMENT CORE",17598
"DRIVER CORE, KOBJECTS, DEBUGFS, KERNFS AND SYSFS","QUALCOMM HEXAGON ARCHITECTURE",12446
"DRIVER CORE, KOBJECTS, DEBUGFS, KERNFS AND SYSFS","REGISTER MAP ABSTRACTION",8924
"DRIVER CORE, KOBJECTS, DEBUGFS, KERNFS AND SYSFS","SUSPEND TO RAM",33055
"DRM DRIVERS","AMD KFD",17559
"DRM DRIVERS","ARM HDLCD DRM DRIVER",1114
"DRM DRIVERS","DRM DRIVERS",1426242
"DRM DRIVERS","DRM DRIVERS FOR ATMEL HLCDC",3774
"DRM DRIVERS","DRM DRIVERS FOR EXYNOS",27063
"DRM DRIVERS","DRM DRIVERS FOR FREESCALE DCU",1381
"DRM DRIVERS","DRM DRIVERS FOR FREESCALE IMX",10314
"DRM DRIVERS","DRM DRIVERS FOR GMA500 (Poulsbo, Moorestown and derivative chipsets)",31518
"DRM DRIVERS","DRM DRIVERS FOR NVIDIA TEGRA",23554
"DRM DRIVERS","DRM DRIVERS FOR RENESAS",7669
"DRM DRIVERS","DRM DRIVERS FOR ROCKCHIP",6635
"DRM DRIVERS","DRM DRIVERS FOR STI",11066
"DRM DRIVERS","DRM DRIVERS FOR VIVANTE GPU IP",7317
"DRM DRIVERS","DRM PANEL DRIVERS",5838
"DRM DRIVERS","EXYNOS DP DRIVER",3410
"DRM DRIVERS","INTEL DRM DRIVERS (excluding Poulsbo, Moorestown and derivative chipsets)",131654
"DRM DRIVERS","MARVELL ARMADA DRM SUPPORT",4078
"DRM DRIVERS","NXP TDA998X DRM DRIVER",1547
"DRM DRIVERS","RADEON and AMDGPU DRM DRIVERS",743293
"DRM DRIVERS","VIRTIO GPU DRIVER",4939
"DVB_USB_AU6610 MEDIA DRIVER","DVB_USB_AU6610 MEDIA DRIVER",245
"DVB_USB_CE6230 MEDIA DRIVER","DVB_USB_CE6230 MEDIA DRIVER",342
"DVB_USB_GL861 MEDIA DRIVER","DVB_USB_GL861 MEDIA DRIVER",189
"DYNAMIC DEBUG","DYNAMIC DEBUG",1175
"ECRYPT FILE SYSTEM","ECRYPT FILE SYSTEM",10336
"EDAC-CORE","EDAC-AMD64",3853
"EDAC-CORE","EDAC-CALXEDA",439
"EDAC-CORE","EDAC-CAVIUM",786
"EDAC-CORE","EDAC-CORE",45059
"EDAC-CORE","EDAC-E752X",1484
"EDAC-CORE","EDAC-E7XXX",606
"EDAC-CORE","EDAC-GHES",527
"EDAC-CORE","EDAC-I3000",569
"EDAC-CORE","EDAC-I5000",1594
"EDAC-CORE","EDAC-I5400",1478
"EDAC-CORE","EDAC-I7300",1218
"EDAC-CORE","EDAC-I7CORE",2458
"EDAC-CORE","EDAC-I82443BXGX",466
"EDAC-CORE","EDAC-I82975X",712
"EDAC-CORE","EDAC-IE31200",536
"EDAC-CORE","EDAC-MPC85XX",1485
"EDAC-CORE","EDAC-PASEMI",315
"EDAC-CORE","EDAC-R82600",430
"EDAC-CORE","EDAC-SBRIDGE",3612
"EDAC-CORE","EDAC-XGENE / APPLIED MICRO (APM) X-GENE SOC EDAC",2171
"EFI VARIABLE FILESYSTEM","EFI VARIABLE FILESYSTEM",665
"EFIFB FRAMEBUFFER DRIVER","EFIFB FRAMEBUFFER DRIVER",342
"EFS FILESYSTEM","EFS FILESYSTEM",1162
"EMBEDDED LINUX","EMBEDDED LINUX",0
"FANOTIFY","FANOTIFY",1415
"FILESYSTEMS (VFS and infrastructure)","AIO",1774
"FILESYSTEMS (VFS and infrastructure)","DIRECT ACCESS (DAX)",1160
"FILESYSTEMS (VFS and infrastructure)","FILE LOCKING (flock() and fcntl()/lockf())",7058
"FILESYSTEMS (VFS and infrastructure)","FILESYSTEMS (VFS and infrastructure)",68464
"FIREWIRE SUBSYSTEM","FIREWIRE SUBSYSTEM",18267
"FLASH ADAPTER DRIVER (IBM Flash Adapter 900GB Full Height PCI Flash Card)","FLASH ADAPTER DRIVER (IBM Flash Adapter 900GB Full Height PCI Flash Card)",4163
"FLOPPY DRIVER","FLOPPY DRIVER",4654
"FMC SUBSYSTEM","FMC SUBSYSTEM",2202
"FRAMEBUFFER LAYER","ADP5520 BACKLIGHT DRIVER WITH IO EXPANDER (ADP5520/ADP5501)",1327
"FRAMEBUFFER LAYER","ADP8860 BACKLIGHT DRIVER (ADP8860/ADP8861/ADP8863)",825
"FRAMEBUFFER LAYER","AMD GEODE PROCESSOR/CHIPSET SUPPORT",5731
"FRAMEBUFFER LAYER","ARC FRAMEBUFFER DRIVER",911
"FRAMEBUFFER LAYER","ARM PRIMECELL CLCD PL110 DRIVER",1112
"FRAMEBUFFER LAYER","ATMEL LCDFB DRIVER",1677
"FRAMEBUFFER LAYER","BACKLIGHT CLASS/SUBSYSTEM",19973
"FRAMEBUFFER LAYER","CYBERPRO FB DRIVER",2398
"FRAMEBUFFER LAYER","DISPLAYLINK USB 2.0 FRAMEBUFFER DRIVER (UDLFB)",2233
"FRAMEBUFFER LAYER","EPSON S1D13XXX FRAMEBUFFER DRIVER",1213
"FRAMEBUFFER LAYER","EXYNOS MIPI DISPLAY DRIVERS",2737
"FRAMEBUFFER LAYER","FRAMEBUFFER LAYER",374690
"FRAMEBUFFER LAYER","FREESCALE DIU FRAMEBUFFER DRIVER",2011
"FRAMEBUFFER LAYER","FREESCALE IMX / MXC FRAMEBUFFER DRIVER",1161
"FRAMEBUFFER LAYER","HGA FRAMEBUFFER DRIVER",666
"FRAMEBUFFER LAYER","IMS TWINTURBO FRAMEBUFFER DRIVER",1621
"FRAMEBUFFER LAYER","INTEL 810/815 FRAMEBUFFER DRIVER",4099
"FRAMEBUFFER LAYER","INTEL FRAMEBUFFER DRIVER (excluding 810 and 815)",5149
"FRAMEBUFFER LAYER","MATROX FRAMEBUFFER DRIVER",9514
"FRAMEBUFFER LAYER","NVIDIA (rivafb and nvidiafb) FRAMEBUFFER DRIVER",12259
"FRAMEBUFFER LAYER","OMAP DISPLAY SUBSYSTEM and FRAMEBUFFER SUPPORT (DSS2)",41553
"FRAMEBUFFER LAYER","OMAP FRAMEBUFFER SUPPORT",6624
"FRAMEBUFFER LAYER","PARISC ARCHITECTURE",79228
"FRAMEBUFFER LAYER","PKUNITY SOC DRIVERS",1533
"FRAMEBUFFER LAYER","RADEON FRAMEBUFFER DISPLAY DRIVER",7882
"FRAMEBUFFER LAYER","RAGE128 FRAMEBUFFER DISPLAY DRIVER",2607
"FRAMEBUFFER LAYER","S3 SAVAGE FRAMEBUFFER DRIVER",3354
"FRAMEBUFFER LAYER","SAMSUNG FRAMEBUFFER DRIVER",1982
"FRAMEBUFFER LAYER","SILICON MOTION SM712 FRAME BUFFER DRIVER",1790
"FRAMEBUFFER LAYER","SIMPLEFB FB DRIVER",693
"FRAMEBUFFER LAYER","SIS FRAMEBUFFER DRIVER",31198
"FRAMEBUFFER LAYER","SMSC UFX6000 and UFX7000 USB to VGA DRIVER",1978
"FRAMEBUFFER LAYER","TI LP855x BACKLIGHT DRIVER",729
"FRAMEBUFFER LAYER","UVESAFB DRIVER",2209
"FRAMEBUFFER LAYER","VIA UNICHROME(PRO)/CHROME9 FRAMEBUFFER DRIVER",12735
"FREESCALE QUICC ENGINE LIBRARY","FREESCALE QUICC ENGINE LIBRARY",3131
"FREEVXFS FILESYSTEM","FREEVXFS FILESYSTEM",2690
"GCOV BASED KERNEL PROFILING","GCOV BASED KERNEL PROFILING",2513
"GDB KERNEL DEBUGGING HELPER SCRIPTS","GDB KERNEL DEBUGGING HELPER SCRIPTS",924
"GEMTEK FM RADIO RECEIVER DRIVER","GEMTEK FM RADIO RECEIVER DRIVER",343
"GENERIC GPIO I2C DRIVER","GENERIC GPIO I2C DRIVER",328
"GENERIC INCLUDE/ASM HEADER FILES","GENERIC INCLUDE/ASM HEADER FILES",14509
"GENERIC INCLUDE/ASM HEADER FILES","PTRACE SUPPORT",2505
"GENERIC UIO DRIVER FOR PCI DEVICES","GENERIC UIO DRIVER FOR PCI DEVICES",128
"GET_MAINTAINER SCRIPT","GET_MAINTAINER SCRIPT",2311
"GPIO SUBSYSTEM","ACCES 104-DIO-48E GPIO DRIVER",430
"GPIO SUBSYSTEM","ALTERA PIO DRIVER",374
"GPIO SUBSYSTEM","ATHEROS 71XX/9XXX GPIO DRIVER",361
"GPIO SUBSYSTEM","BROADCOM BRCMSTB GPIO DRIVER",636
"GPIO SUBSYSTEM","BROADCOM KONA GPIO DRIVER",719
"GPIO SUBSYSTEM","GPIO SUBSYSTEM",53513
"GPIO SUBSYSTEM","ICH LPC AND GPIO DRIVER",1639
"GPIO SUBSYSTEM","INTEL-MID GPIO DRIVER",448
"GPIO SUBSYSTEM","OMAP GPIO DRIVER",1722
"GPIO SUBSYSTEM","PXA GPIO DRIVER",818
"GPIO SUBSYSTEM","WINSYSTEMS WS16C48 GPIO DRIVER",427
"HARDWARE MONITORING","ABIT UGURU 1,2 HARDWARE MONITOR DRIVER",1650
"HARDWARE MONITORING","ABIT UGURU 3 HARDWARE MONITOR DRIVER",1321
"HARDWARE MONITORING","ADM1025 HARDWARE MONITOR DRIVER",633
"HARDWARE MONITORING","ADM1029 HARDWARE MONITOR DRIVER",417
"HARDWARE MONITORING","ADS1015 HARDWARE MONITOR DRIVER",431
"HARDWARE MONITORING","ADT7475 HARDWARE MONITOR DRIVER",1748
"HARDWARE MONITORING","AMD FAM15H PROCESSOR POWER MONITORING DRIVER",362
"HARDWARE MONITORING","APPLE SMC DRIVER",1383
"HARDWARE MONITORING","ASC7621 HARDWARE MONITOR DRIVER",1543
"HARDWARE MONITORING","ATK0110 HWMON DRIVER",1465
"HARDWARE MONITORING","CORETEMP HARDWARE MONITORING DRIVER",1039
"HARDWARE MONITORING","DELL LAPTOP SMM DRIVER",1101
"HARDWARE MONITORING","DME1737 HARDWARE MONITOR DRIVER",3125
"HARDWARE MONITORING","F71805F HARDWARE MONITORING DRIVER",1820
"HARDWARE MONITORING","FINTEK F75375S HARDWARE MONITOR AND FAN CONTROLLER DRIVER",946
"HARDWARE MONITORING","HARDWARE MONITORING",140930
"HARDWARE MONITORING","INA209 HARDWARE MONITOR DRIVER",719
"HARDWARE MONITORING","INA2XX HARDWARE MONITOR DRIVER",585
"HARDWARE MONITORING","IT87 HARDWARE MONITORING DRIVER",3131
"HARDWARE MONITORING","JC42.4 TEMPERATURE SENSOR DRIVER",659
"HARDWARE MONITORING","K10TEMP HARDWARE MONITORING DRIVER",304
"HARDWARE MONITORING","K8TEMP HARDWARE MONITORING DRIVER",389
"HARDWARE MONITORING","LM78 HARDWARE MONITOR DRIVER",1115
"HARDWARE MONITORING","LM83 HARDWARE MONITOR DRIVER",474
"HARDWARE MONITORING","LM90 HARDWARE MONITOR DRIVER",1988
"HARDWARE MONITORING","LM95234 HARDWARE MONITOR DRIVER",809
"HARDWARE MONITORING","LTC4261 HARDWARE MONITOR DRIVER",329
"HARDWARE MONITORING","MAX16065 HARDWARE MONITOR DRIVER",778
"HARDWARE MONITORING","MAX20751 HARDWARE MONITOR DRIVER",77
"HARDWARE MONITORING","MAX6650 HARDWARE MONITOR AND FAN CONTROLLER DRIVER",767
"HARDWARE MONITORING","MAX6697 HARDWARE MONITOR DRIVER",772
"HARDWARE MONITORING","NCT6775 HARDWARE MONITOR DRIVER",4606
"HARDWARE MONITORING","PC87360 HARDWARE MONITORING DRIVER",2002
"HARDWARE MONITORING","PC87427 HARDWARE MONITORING DRIVER",1411
"HARDWARE MONITORING","PMBUS HARDWARE MONITORING DRIVERS",6924
"HARDWARE MONITORING","PWM FAN DRIVER",397
"HARDWARE MONITORING","SMM665 HARDWARE MONITOR DRIVER",866
"HARDWARE MONITORING","SMSC EMC2103 HARDWARE MONITOR DRIVER",726
"HARDWARE MONITORING","SMSC SCH5627 HARDWARE MONITOR DRIVER",631
"HARDWARE MONITORING","SMSC47B397 HARDWARE MONITOR DRIVER",537
"HARDWARE MONITORING","TMP401 HARDWARE MONITOR DRIVER",830
"HARDWARE MONITORING","VT1211 HARDWARE MONITOR DRIVER",1577
"HARDWARE MONITORING","VT8231 HARDWARE MONITOR DRIVER",1070
"HARDWARE MONITORING","W83791D HARDWARE MONITORING DRIVER",1862
"HARDWARE MONITORING","W83793 HARDWARE MONITORING DRIVER",2287
"HARDWARE MONITORING","W83795 HARDWARE MONITORING DRIVER",2285
"HARDWARE RANDOM NUMBER GENERATOR CORE","HARDWARE RANDOM NUMBER GENERATOR CORE",7354
"HARDWARE SPINLOCK CORE","HARDWARE SPINLOCK CORE",1398
"HFS FILESYSTEM","HFS FILESYSTEM",6030
"HFSPLUS FILESYSTEM","HFSPLUS FILESYSTEM",12456
"HID CORE LAYER","HID CORE LAYER",67626
"HID CORE LAYER","PICOLCD HID DRIVER",3049
"HID CORE LAYER","ROCCAT DRIVERS",7318
"HID CORE LAYER","UHID USERSPACE HID IO DRIVER:",983
"HID CORE LAYER","USB HID/HIDBP DRIVERS (USB KEYBOARDS, MICE, REMOTE CONTROLS, ...)",5381
"HID CORE LAYER","WIIMOTE HID DRIVER",4677
"HP COMPAQ TC1100 TABLET WMI EXTRAS DRIVER","HP COMPAQ TC1100 TABLET WMI EXTRAS DRIVER",282
"HPFS FILESYSTEM","HPFS FILESYSTEM",6495
"HSI SUBSYSTEM","HSI SUBSYSTEM",7850
"HTCPEN TOUCHSCREEN DRIVER","HTCPEN TOUCHSCREEN DRIVER",248
"HUGETLB FILESYSTEM","HUGETLB FILESYSTEM",1374
"I2C ACPI SUPPORT","I2C ACPI SUPPORT",0
"I2C SUBSYSTEM","ALI1563 I2C DRIVER",470
"I2C SUBSYSTEM","ATMEL I2C DRIVER",1234
"I2C SUBSYSTEM","BLACKFIN I2C TWI DRIVER",740
"I2C SUBSYSTEM","DIOLAN U2C-12 I2C DRIVER",528
"I2C SUBSYSTEM","FREESCALE I2C CPM DRIVER",725
"I2C SUBSYSTEM","GENERIC GPIO I2C MULTIPLEXER DRIVER",416
"I2C SUBSYSTEM","I2C MUXES",2909
"I2C SUBSYSTEM","I2C OVER PARALLEL PORT",807
"I2C SUBSYSTEM","I2C SUBSYSTEM",80573
"I2C SUBSYSTEM","I2C-TAOS-EVM DRIVER",366
"I2C SUBSYSTEM","I2C/SMBUS CONTROLLER DRIVERS FOR PC",8874
"I2C SUBSYSTEM","I2C/SMBUS ISMT DRIVER",988
"I2C SUBSYSTEM","I2C/SMBUS STUB DRIVER",421
"I2C SUBSYSTEM","OPENCORES I2C BUS DRIVER",652
"I2C SUBSYSTEM","PCA9541 I2C BUS MASTER SELECTOR DRIVER",399
"I2C SUBSYSTEM","SCx200 CPU SUPPORT",1318
"I2C SUBSYSTEM","SYNOPSYS DESIGNWARE I2C DRIVER",1889
"I2C SUBSYSTEM","TEGRA I2C DRIVER",972
"I2C-TINY-USB DRIVER","I2C-TINY-USB DRIVER",290
"i386 SETUP CODE / CPU ERRATA WORKAROUNDS","i386 SETUP CODE / CPU ERRATA WORKAROUNDS",0
"IDE SUBSYSTEM","IDE SUBSYSTEM",42933
"IDE SUBSYSTEM","IDE/ATAPI DRIVERS",3312
"IDEAPAD LAPTOP SLIDEBAR DRIVER","IDEAPAD LAPTOP SLIDEBAR DRIVER",357
"IDLE-I7300","IDLE-I7300",612
"IGORPLUG-USB IR RECEIVER","IGORPLUG-USB IR RECEIVER",268
"INDUSTRY PACK SUBSYSTEM (IPACK)","INDUSTRY PACK SUBSYSTEM (IPACK)",2381
"INFINIBAND SUBSYSTEM","CISCO VIC LOW LATENCY NIC DRIVER",6036
"INFINIBAND SUBSYSTEM","CXGB3 IWARP RNIC DRIVER (IW_CXGB3)",10108
"INFINIBAND SUBSYSTEM","CXGB4 IWARP RNIC DRIVER (IW_CXGB4)",13239
"INFINIBAND SUBSYSTEM","EMULEX ONECONNECT ROCE DRIVER",11454
"INFINIBAND SUBSYSTEM","HFI1 DRIVER",62999
"INFINIBAND SUBSYSTEM","INFINIBAND SUBSYSTEM",330026
"INFINIBAND SUBSYSTEM","INTEL RDMA RNIC DRIVER",27124
"INFINIBAND SUBSYSTEM","ISCSI EXTENSIONS FOR RDMA (ISER) INITIATOR",4381
"INFINIBAND SUBSYSTEM","ISCSI EXTENSIONS FOR RDMA (ISER) TARGET",3643
"INFINIBAND SUBSYSTEM","MELLANOX MLX4 IB driver",18331
"INFINIBAND SUBSYSTEM","NETEFFECT IWARP RNIC DRIVER (IW_NES)",20093
"INFINIBAND SUBSYSTEM","QIB DRIVER",50722
"INFINIBAND SUBSYSTEM","RDMAVT - RDMA verbs software",6595
"INFINIBAND SUBSYSTEM","SCSI RDMA PROTOCOL (SRP) INITIATOR",4215
"INOTIFY","INOTIFY",1236
"INPUT (KEYBOARD, MOUSE, JOYSTICK, TOUCHSCREEN) DRIVERS","AD714X CAPACITANCE TOUCH SENSOR DRIVER (AD7142/3/7/8/7A)",1210
"INPUT (KEYBOARD, MOUSE, JOYSTICK, TOUCHSCREEN) DRIVERS","AD7877 TOUCHSCREEN DRIVER",857
"INPUT (KEYBOARD, MOUSE, JOYSTICK, TOUCHSCREEN) DRIVERS","AD7879 TOUCHSCREEN DRIVER (AD7879/AD7889)",681
"INPUT (KEYBOARD, MOUSE, JOYSTICK, TOUCHSCREEN) DRIVERS","ADP5588 QWERTY KEYPAD AND IO EXPANDER DRIVER (ADP5588/ADP5587)",1155
"INPUT (KEYBOARD, MOUSE, JOYSTICK, TOUCHSCREEN) DRIVERS","ADXL34X THREE-AXIS DIGITAL ACCELEROMETER DRIVER (ADXL345/ADXL346)",913
"INPUT (KEYBOARD, MOUSE, JOYSTICK, TOUCHSCREEN) DRIVERS","APPLE BCM5974 MULTITOUCH DRIVER",1042
"INPUT (KEYBOARD, MOUSE, JOYSTICK, TOUCHSCREEN) DRIVERS","ATI_REMOTE2 DRIVER",1040
"INPUT (KEYBOARD, MOUSE, JOYSTICK, TOUCHSCREEN) DRIVERS","ATMEL MAXTOUCH DRIVER",2807
"INPUT (KEYBOARD, MOUSE, JOYSTICK, TOUCHSCREEN) DRIVERS","CHIPONE ICN8318 I2C TOUCHSCREEN DRIVER",361
"INPUT (KEYBOARD, MOUSE, JOYSTICK, TOUCHSCREEN) DRIVERS","CYTTSP TOUCHSCREEN DRIVER",4173
"INPUT (KEYBOARD, MOUSE, JOYSTICK, TOUCHSCREEN) DRIVERS","E3X0 POWER BUTTON DRIVER",182
"INPUT (KEYBOARD, MOUSE, JOYSTICK, TOUCHSCREEN) DRIVERS","GOODIX TOUCHSCREEN",892
"INPUT (KEYBOARD, MOUSE, JOYSTICK, TOUCHSCREEN) DRIVERS","INPUT (KEYBOARD, MOUSE, JOYSTICK, TOUCHSCREEN) DRIVERS",188445
"INPUT (KEYBOARD, MOUSE, JOYSTICK, TOUCHSCREEN) DRIVERS","INPUT MULTITOUCH (MT) PROTOCOL",894
"INPUT (KEYBOARD, MOUSE, JOYSTICK, TOUCHSCREEN) DRIVERS","SUN4I LOW RES ADC ATTACHED TABLET KEYS DRIVER",348
"INPUT (KEYBOARD, MOUSE, JOYSTICK, TOUCHSCREEN) DRIVERS","TEGRA KBC DRIVER",835
"INPUT (KEYBOARD, MOUSE, JOYSTICK, TOUCHSCREEN) DRIVERS","VMWARE VMMOUSE SUBDRIVER",539
"INPUT (KEYBOARD, MOUSE, JOYSTICK, TOUCHSCREEN) DRIVERS","WACOM PROTOCOL 4 SERIAL TABLETS",620
"INPUT (KEYBOARD, MOUSE, JOYSTICK, TOUCHSCREEN) DRIVERS","WISTRON LAPTOP BUTTON DRIVER",1407
"INPUT (KEYBOARD, MOUSE, JOYSTICK, TOUCHSCREEN) DRIVERS","YEALINK PHONE DRIVER",1443
"INTEL HID EVENT DRIVER","INTEL HID EVENT DRIVER",287
"INTEL I/OAT DMA DRIVER","INTEL I/OAT DMA DRIVER",0
"INTEL IDLE DRIVER","INTEL IDLE DRIVER",1274
"INTEL IXP4XX RANDOM NUMBER GENERATOR SUPPORT","INTEL IXP4XX RANDOM NUMBER GENERATOR SUPPORT",75
"INTEL(R) TRACE HUB","INTEL(R) TRACE HUB",4329
"IOMMU DRIVERS","AMD IOMMU (AMD-VI)",8463
"IOMMU DRIVERS","ARM SMMU DRIVERS",6580
"IOMMU DRIVERS","EXYNOS SYSMMU (IOMMU) driver",1365
"IOMMU DRIVERS","INTEL IOMMU (VT-d)",5741
"IOMMU DRIVERS","IOMMU DRIVERS",42055
"IOMMU DRIVERS","S390 IOMMU (PCI)",356
"IOMMU DRIVERS","TEGRA IOMMU DRIVERS",1423
"IPMI SUBSYSTEM","IPMI SUBSYSTEM",18204
"IRQ SUBSYSTEM","IRQ DOMAINS (IRQ NUMBER MAPPING LIBRARY)",2486
"IRQ SUBSYSTEM","IRQ SUBSYSTEM",9132
"iSCSI BOOT FIRMWARE TABLE (iBFT) DRIVER","iSCSI BOOT FIRMWARE TABLE (iBFT) DRIVER",944
"ISDN SUBSYSTEM","GIGASET ISDN DRIVERS",14471
"ISDN SUBSYSTEM","ISDN SUBSYSTEM",192387
"ISDN SUBSYSTEM","ISDN SUBSYSTEM (Eicon active card driver)",41860
"JFS FILESYSTEM","JFS FILESYSTEM",33156
"JOURNALLING FLASH FILE SYSTEM V2 (JFFS2)","JOURNALLING FLASH FILE SYSTEM V2 (JFFS2)",19089
"JOURNALLING LAYER FOR BLOCK DEVICES (JBD2)","JOURNALLING LAYER FOR BLOCK DEVICES (JBD2)",10247
"KERNEL AUTOMOUNTER v4 (AUTOFS4)","KERNEL AUTOMOUNTER v4 (AUTOFS4)",3638
"KERNEL JANITORS","KERNEL JANITORS",0
"KERNEL SELFTEST FRAMEWORK","KERNEL SELFTEST FRAMEWORK",39057
"KERNEL SELFTEST FRAMEWORK","RCUTORTURE TEST FRAMEWORK",2404
"KERNEL SELFTEST FRAMEWORK","SECURE COMPUTING",3886
"KEXEC","KEXEC",649
"KS0108 LCD CONTROLLER DRIVER","KS0108 LCD CONTROLLER DRIVER",305
"LED SUBSYSTEM","BLINKM RGB LED DRIVER",758
"LED SUBSYSTEM","LED SUBSYSTEM",25689
"LED SUBSYSTEM","PCA9532 LED DRIVER",527
"LEGACY EEPROM DRIVER","LEGACY EEPROM DRIVER",317
"LIBATA SUBSYSTEM (Serial and Parallel ATA drivers)","LIBATA PATA ARASAN COMPACT FLASH CONTROLLER",1018
"LIBATA SUBSYSTEM (Serial and Parallel ATA drivers)","LIBATA PATA DRIVERS",30105
"LIBATA SUBSYSTEM (Serial and Parallel ATA drivers)","LIBATA SATA AHCI PLATFORM devices support",888
"LIBATA SUBSYSTEM (Serial and Parallel ATA drivers)","LIBATA SATA PROMISE TX2/TX4 CONTROLLER DRIVER",1425
"LIBATA SUBSYSTEM (Serial and Parallel ATA drivers)","LIBATA SUBSYSTEM (Serial and Parallel ATA drivers)",89899
"LIBLOCKDEP","LIBLOCKDEP",1470
"LIBNVDIMM: NON-VOLATILE MEMORY DEVICE SUBSYSTEM","LIBNVDIMM BTT: BLOCK TRANSLATION TABLE",1935
"LIBNVDIMM: NON-VOLATILE MEMORY DEVICE SUBSYSTEM","LIBNVDIMM PMEM: PERSISTENT MEMORY DRIVER",1008
"LIBNVDIMM: NON-VOLATILE MEMORY DEVICE SUBSYSTEM","LIBNVDIMM: NON-VOLATILE MEMORY DEVICE SUBSYSTEM",10913
"LIGHTNVM PLATFORM SUPPORT","LIGHTNVM PLATFORM SUPPORT",5070
"LINUX FOR IBM pSERIES (RS/6000)","LINUX FOR IBM pSERIES (RS/6000)",243
"LINUX SECURITY MODULE (LSM) FRAMEWORK","LINUX SECURITY MODULE (LSM) FRAMEWORK",0
"LIVE PATCHING","LIVE PATCHING",1410
"LM73 HARDWARE MONITOR DRIVER","LM73 HARDWARE MONITOR DRIVER",287
"LogFS","LogFS",9128
"LTP (Linux Test Project)","LTP (Linux Test Project)",0
"M68K ARCHITECTURE","M68K ARCHITECTURE",174587
"M68K ARCHITECTURE","M68K ON APPLE MACINTOSH",4404
"M68K ARCHITECTURE","M68K ON HP9000/300",642
"M68K ARCHITECTURE","SUN3/3X",4890
"M68K ARCHITECTURE","UCLINUX (M68KNOMMU AND COLDFIRE)",11099
"MAILBOX API","MAILBOX API",5729
"MAN-PAGES: MANUAL PAGES FOR LINUX -- Sections 2, 3, 4, 5, and 7","MAN-PAGES: MANUAL PAGES FOR LINUX -- Sections 2, 3, 4, 5, and 7",0
"MARVELL 88E6352 DSA support","MARVELL 88E6352 DSA support",345
"MAXIRADIO FM RADIO RECEIVER DRIVER","MAXIRADIO FM RADIO RECEIVER DRIVER",203
"MCP4531 MICROCHIP DIGITAL POTENTIOMETER DRIVER","MCP4531 MICROCHIP DIGITAL POTENTIOMETER DRIVER",231
"MEDIA DRIVERS FOR LNBH25","MEDIA DRIVERS FOR LNBH25",245
"MEDIA INPUT INFRASTRUCTURE (V4L/DVB)","ADP1653 FLASH CONTROLLER DRIVER",694
"MEDIA INPUT INFRASTRUCTURE (V4L/DVB)","AF9013 MEDIA DRIVER",2592
"MEDIA INPUT INFRASTRUCTURE (V4L/DVB)","AF9033 MEDIA DRIVER",3568
"MEDIA INPUT INFRASTRUCTURE (V4L/DVB)","AIRSPY MEDIA DRIVER",1121
"MEDIA INPUT INFRASTRUCTURE (V4L/DVB)","ANALOG DEVICES INC AD9389B DRIVER",1250
"MEDIA INPUT INFRASTRUCTURE (V4L/DVB)","ANALOG DEVICES INC ADV7180 DRIVER",1352
"MEDIA INPUT INFRASTRUCTURE (V4L/DVB)","ANALOG DEVICES INC ADV7511 DRIVER",1613
"MEDIA INPUT INFRASTRUCTURE (V4L/DVB)","ANALOG DEVICES INC ADV7604 DRIVER",3272
"MEDIA INPUT INFRASTRUCTURE (V4L/DVB)","ANALOG DEVICES INC ADV7842 DRIVER",3393
"MEDIA INPUT INFRASTRUCTURE (V4L/DVB)","ARM/SAMSUNG S5P SERIES 2D GRAPHICS ACCELERATION (G2D) SUPPORT",1155
"MEDIA INPUT INFRASTRUCTURE (V4L/DVB)","ARM/SAMSUNG S5P SERIES JPEG CODEC SUPPORT",5342
"MEDIA INPUT INFRASTRUCTURE (V4L/DVB)","ARM/SAMSUNG S5P SERIES Multi Format Codec (MFC) SUPPORT",12436
"MEDIA INPUT INFRASTRUCTURE (V4L/DVB)","ARM/SAMSUNG S5P SERIES TV SUBSYSTEM SUPPORT",5908
"MEDIA INPUT INFRASTRUCTURE (V4L/DVB)","AS3645A LED FLASH CONTROLLER DRIVER",956
"MEDIA INPUT INFRASTRUCTURE (V4L/DVB)","ATMEL ISI DRIVER",1178
"MEDIA INPUT INFRASTRUCTURE (V4L/DVB)","AZ6007 DVB DRIVER",985
"MEDIA INPUT INFRASTRUCTURE (V4L/DVB)","BDISP ST MEDIA DRIVER",3752
"MEDIA INPUT INFRASTRUCTURE (V4L/DVB)","BLACKFIN MEDIA DRIVER",3369
"MEDIA INPUT INFRASTRUCTURE (V4L/DVB)","BTTV VIDEO4LINUX DRIVER",15335
"MEDIA INPUT INFRASTRUCTURE (V4L/DVB)","CADET FM/AM RADIO RECEIVER DRIVER",684
"MEDIA INPUT INFRASTRUCTURE (V4L/DVB)","CAFE CMOS INTEGRATED CAMERA CONTROLLER DRIVER",3601
"MEDIA INPUT INFRASTRUCTURE (V4L/DVB)","COBALT MEDIA DRIVER",5458
"MEDIA INPUT INFRASTRUCTURE (V4L/DVB)","CODA V4L2 MEM2MEM DRIVER",5900
"MEDIA INPUT INFRASTRUCTURE (V4L/DVB)","CX18 VIDEO4LINUX DRIVER",15341
"MEDIA INPUT INFRASTRUCTURE (V4L/DVB)","CX2341X MPEG ENCODER HELPER MODULE",1756
"MEDIA INPUT INFRASTRUCTURE (V4L/DVB)","CX24120 MEDIA DRIVER",1655
"MEDIA INPUT INFRASTRUCTURE (V4L/DVB)","CX88 VIDEO4LINUX DRIVER",15916
"MEDIA INPUT INFRASTRUCTURE (V4L/DVB)","CXD2820R MEDIA DRIVER",2243
"MEDIA INPUT INFRASTRUCTURE (V4L/DVB)","DSBR100 USB FM RADIO DRIVER",433
"MEDIA INPUT INFRASTRUCTURE (V4L/DVB)","DT3155 MEDIA DRIVER",843
"MEDIA INPUT INFRASTRUCTURE (V4L/DVB)","DVB_USB_AF9015 MEDIA DRIVER",1657
"MEDIA INPUT INFRASTRUCTURE (V4L/DVB)","DVB_USB_AF9035 MEDIA DRIVER",2259
"MEDIA INPUT INFRASTRUCTURE (V4L/DVB)","DVB_USB_ANYSEE MEDIA DRIVER",1772
"MEDIA INPUT INFRASTRUCTURE (V4L/DVB)","DVB_USB_CXUSB MEDIA DRIVER",2359
"MEDIA INPUT INFRASTRUCTURE (V4L/DVB)","DVB_USB_EC168 MEDIA DRIVER",438
"MEDIA INPUT INFRASTRUCTURE (V4L/DVB)","DVB_USB_MXL111SF MEDIA DRIVER",5094
"MEDIA INPUT INFRASTRUCTURE (V4L/DVB)","DVB_USB_RTL28XXU MEDIA DRIVER",2250
"MEDIA INPUT INFRASTRUCTURE (V4L/DVB)","DVB_USB_V2 MEDIA DRIVER",2041
"MEDIA INPUT INFRASTRUCTURE (V4L/DVB)","E4000 MEDIA DRIVER",1041
"MEDIA INPUT INFRASTRUCTURE (V4L/DVB)","EC100 MEDIA DRIVER",391
"MEDIA INPUT INFRASTRUCTURE (V4L/DVB)","EM28XX VIDEO4LINUX DRIVER",14281
"MEDIA INPUT INFRASTRUCTURE (V4L/DVB)","ENE KB2426 (ENE0100/ENE020XX) INFRARED RECEIVER",1469
"MEDIA INPUT INFRASTRUCTURE (V4L/DVB)","FC0011 TUNER DRIVER",564
"MEDIA INPUT INFRASTRUCTURE (V4L/DVB)","FC2580 MEDIA DRIVER",840
"MEDIA INPUT INFRASTRUCTURE (V4L/DVB)","FIREWIRE MEDIA DRIVERS (firedtv)",3044
"MEDIA INPUT INFRASTRUCTURE (V4L/DVB)","FUJITSU M-5MO LS CAMERA ISP DRIVER",2582
"MEDIA INPUT INFRASTRUCTURE (V4L/DVB)","GO7007 MPEG CODEC",6587
"MEDIA INPUT INFRASTRUCTURE (V4L/DVB)","GSPCA FINEPIX SUBDRIVER",310
"MEDIA INPUT INFRASTRUCTURE (V4L/DVB)","GSPCA GL860 SUBDRIVER",3030
"MEDIA INPUT INFRASTRUCTURE (V4L/DVB)","GSPCA M5602 SUBDRIVER",5254
"MEDIA INPUT INFRASTRUCTURE (V4L/DVB)","GSPCA PAC207 SONIXB SUBDRIVER",489
"MEDIA INPUT INFRASTRUCTURE (V4L/DVB)","GSPCA SN9C20X SUBDRIVER",2398
"MEDIA INPUT INFRASTRUCTURE (V4L/DVB)","GSPCA T613 SUBDRIVER",1054
"MEDIA INPUT INFRASTRUCTURE (V4L/DVB)","GSPCA USB WEBCAM DRIVER",78873
"MEDIA INPUT INFRASTRUCTURE (V4L/DVB)","HACKRF MEDIA DRIVER",1578
"MEDIA INPUT INFRASTRUCTURE (V4L/DVB)","HD29L2 MEDIA DRIVER",1237
"MEDIA INPUT INFRASTRUCTURE (V4L/DVB)","HDPVR USB VIDEO ENCODER DRIVER",2457
"MEDIA INPUT INFRASTRUCTURE (V4L/DVB)","IGUANAWORKS USB IR TRANSCEIVER",618
"MEDIA INPUT INFRASTRUCTURE (V4L/DVB)","IMGTEC IR DECODER DRIVER",2975
"MEDIA INPUT INFRASTRUCTURE (V4L/DVB)","ISA RADIO MODULE",507
"MEDIA INPUT INFRASTRUCTURE (V4L/DVB)","IT913X MEDIA DRIVER",531
"MEDIA INPUT INFRASTRUCTURE (V4L/DVB)","IVTV VIDEO4LINUX DRIVER",17030
"MEDIA INPUT INFRASTRUCTURE (V4L/DVB)","IX2505V MEDIA DRIVER",389
"MEDIA INPUT INFRASTRUCTURE (V4L/DVB)","JPU V4L2 MEM2MEM DRIVER FOR RENESAS",1805
"MEDIA INPUT INFRASTRUCTURE (V4L/DVB)","KEENE FM RADIO TRANSMITTER DRIVER",419
"MEDIA INPUT INFRASTRUCTURE (V4L/DVB)","LG2160 MEDIA DRIVER",1546
"MEDIA INPUT INFRASTRUCTURE (V4L/DVB)","LGDT3305 MEDIA DRIVER",1313
"MEDIA INPUT INFRASTRUCTURE (V4L/DVB)","LME2510 MEDIA DRIVER",1531
"MEDIA INPUT INFRASTRUCTURE (V4L/DVB)","M88DS3103 MEDIA DRIVER",2127
"MEDIA INPUT INFRASTRUCTURE (V4L/DVB)","M88RS2000 MEDIA DRIVER",888
"MEDIA INPUT INFRASTRUCTURE (V4L/DVB)","MA901 MASTERKIT USB FM RADIO DRIVER",470
"MEDIA INPUT INFRASTRUCTURE (V4L/DVB)","MEDIA DRIVERS FOR ASCOT2E",606
"MEDIA INPUT INFRASTRUCTURE (V4L/DVB)","MEDIA DRIVERS FOR CXD2841ER",2835
"MEDIA INPUT INFRASTRUCTURE (V4L/DVB)","MEDIA DRIVERS FOR HORUS3A",488
"MEDIA INPUT INFRASTRUCTURE (V4L/DVB)","MEDIA DRIVERS FOR NETUP PCI UNIVERSAL DVB devices",2031
"MEDIA INPUT INFRASTRUCTURE (V4L/DVB)","MEDIA DRIVERS FOR RENESAS - VSP1",7548
"MEDIA INPUT INFRASTRUCTURE (V4L/DVB)","MEDIA INPUT INFRASTRUCTURE (V4L/DVB)",1199751
"MEDIA INPUT INFRASTRUCTURE (V4L/DVB)","MIROSOUND PCM20 FM RADIO RECEIVER DRIVER",514
"MEDIA INPUT INFRASTRUCTURE (V4L/DVB)","MN88472 MEDIA DRIVER",704
"MEDIA INPUT INFRASTRUCTURE (V4L/DVB)","MN88473 MEDIA DRIVER",686
"MEDIA INPUT INFRASTRUCTURE (V4L/DVB)","MOTION EYE VAIO PICTUREBOOK CAMERA DRIVER",2377
"MEDIA INPUT INFRASTRUCTURE (V4L/DVB)","MR800 AVERMEDIA USB FM RADIO DRIVER",613
"MEDIA INPUT INFRASTRUCTURE (V4L/DVB)","MSI001 MEDIA DRIVER",526
"MEDIA INPUT INFRASTRUCTURE (V4L/DVB)","MSI2500 MEDIA DRIVER",1337
"MEDIA INPUT INFRASTRUCTURE (V4L/DVB)","MT9M032 APTINA SENSOR DRIVER",937
"MEDIA INPUT INFRASTRUCTURE (V4L/DVB)","MT9P031 APTINA CAMERA SENSOR",1214
"MEDIA INPUT INFRASTRUCTURE (V4L/DVB)","MT9T001 APTINA CAMERA SENSOR",986
"MEDIA INPUT INFRASTRUCTURE (V4L/DVB)","MT9V032 APTINA CAMERA SENSOR",1200
"MEDIA INPUT INFRASTRUCTURE (V4L/DVB)","MXL5007T MEDIA DRIVER",1035
"MEDIA INPUT INFRASTRUCTURE (V4L/DVB)","OMAP IMAGING SUBSYSTEM (OMAP3 ISP and OMAP4 ISS)",27838
"MEDIA INPUT INFRASTRUCTURE (V4L/DVB)","OMNIVISION OV7670 SENSOR DRIVER",1684
"MEDIA INPUT INFRASTRUCTURE (V4L/DVB)","OV2659 OMNIVISION SENSOR DRIVER",1561
"MEDIA INPUT INFRASTRUCTURE (V4L/DVB)","PVRUSB2 VIDEO4LINUX DRIVER",15553
"MEDIA INPUT INFRASTRUCTURE (V4L/DVB)","PWC WEBCAM DRIVER",7014
"MEDIA INPUT INFRASTRUCTURE (V4L/DVB)","QT1010 MEDIA DRIVER",617
"MEDIA INPUT INFRASTRUCTURE (V4L/DVB)","RADIOSHARK RADIO DRIVER",423
"MEDIA INPUT INFRASTRUCTURE (V4L/DVB)","RADIOSHARK2 RADIO DRIVER",991
"MEDIA INPUT INFRASTRUCTURE (V4L/DVB)","RTL2830 MEDIA DRIVER",1030
"MEDIA INPUT INFRASTRUCTURE (V4L/DVB)","RTL2832 MEDIA DRIVER",3427
"MEDIA INPUT INFRASTRUCTURE (V4L/DVB)","RTL2832_SDR MEDIA DRIVER",1620
"MEDIA INPUT INFRASTRUCTURE (V4L/DVB)","SAA6588 RDS RECEIVER DRIVER",528
"MEDIA INPUT INFRASTRUCTURE (V4L/DVB)","SAA7134 VIDEO4LINUX DRIVER",20957
"MEDIA INPUT INFRASTRUCTURE (V4L/DVB)","SAA7146 VIDEO4LINUX-2 DRIVER",6377
"MEDIA INPUT INFRASTRUCTURE (V4L/DVB)","SAMSUNG S3C24XX/S3C64XX SOC SERIES CAMIF DRIVER",3645
"MEDIA INPUT INFRASTRUCTURE (V4L/DVB)","SAMSUNG S5C73M3 CAMERA DRIVER",3014
"MEDIA INPUT INFRASTRUCTURE (V4L/DVB)","SAMSUNG S5K5BAF CAMERA DRIVER",2062
"MEDIA INPUT INFRASTRUCTURE (V4L/DVB)","SAMSUNG S5P/EXYNOS4 SOC SERIES CAMERA SUBSYSTEM DRIVERS",17636
"MEDIA INPUT INFRASTRUCTURE (V4L/DVB)","SH_VEU V4L2 MEM2MEM DRIVER",1222
"MEDIA INPUT INFRASTRUCTURE (V4L/DVB)","SH_VOU V4L2 OUTPUT DRIVER",1421
"MEDIA INPUT INFRASTRUCTURE (V4L/DVB)","SI2157 MEDIA DRIVER",629
"MEDIA INPUT INFRASTRUCTURE (V4L/DVB)","SI2168 MEDIA DRIVER",879
"MEDIA INPUT INFRASTRUCTURE (V4L/DVB)","SI470X FM RADIO RECEIVER I2C DRIVER",527
"MEDIA INPUT INFRASTRUCTURE (V4L/DVB)","SI470X FM RADIO RECEIVER USB DRIVER",1852
"MEDIA INPUT INFRASTRUCTURE (V4L/DVB)","SI4713 FM RADIO TRANSMITTER I2C DRIVER",1927
"MEDIA INPUT INFRASTRUCTURE (V4L/DVB)","SI4713 FM RADIO TRANSMITTER USB DRIVER",539
"MEDIA INPUT INFRASTRUCTURE (V4L/DVB)","SIANO DVB DRIVER",7297
"MEDIA INPUT INFRASTRUCTURE (V4L/DVB)","SMIA AND SMIA++ IMAGE SENSOR DRIVER",5737
"MEDIA INPUT INFRASTRUCTURE (V4L/DVB)","SOC-CAMERA V4L2 SUBSYSTEM",25899
"MEDIA INPUT INFRASTRUCTURE (V4L/DVB)","SOFTLOGIC 6x10 MPEG CODEC",7090
"MEDIA INPUT INFRASTRUCTURE (V4L/DVB)","SP2 MEDIA DRIVER",543
"MEDIA INPUT INFRASTRUCTURE (V4L/DVB)","STAGING - LIRC (LINUX INFRARED REMOTE CONTROL) DRIVERS",7018
"MEDIA INPUT INFRASTRUCTURE (V4L/DVB)","STK1160 USB VIDEO CAPTURE DRIVER",2648
"MEDIA INPUT INFRASTRUCTURE (V4L/DVB)","TDA10071 MEDIA DRIVER",1441
"MEDIA INPUT INFRASTRUCTURE (V4L/DVB)","TDA18218 MEDIA DRIVER",499
"MEDIA INPUT INFRASTRUCTURE (V4L/DVB)","TDA18271 MEDIA DRIVER",3769
"MEDIA INPUT INFRASTRUCTURE (V4L/DVB)","TEA5761 TUNER DRIVER",395
"MEDIA INPUT INFRASTRUCTURE (V4L/DVB)","TEA5767 TUNER DRIVER",541
"MEDIA INPUT INFRASTRUCTURE (V4L/DVB)","TECHNOTREND USB IR RECEIVER",449
"MEDIA INPUT INFRASTRUCTURE (V4L/DVB)","THANKO'S RAREMONO AM/FM/SW RADIO RECEIVER USB DRIVER",386
"MEDIA INPUT INFRASTRUCTURE (V4L/DVB)","TI AM437X VPFE DRIVER",3210
"MEDIA INPUT INFRASTRUCTURE (V4L/DVB)","TI DAVINCI SERIES MEDIA DRIVER",18916
"MEDIA INPUT INFRASTRUCTURE (V4L/DVB)","TI VPE/CAL DRIVERS",8950
"MEDIA INPUT INFRASTRUCTURE (V4L/DVB)","TM6000 VIDEO4LINUX DRIVER",7672
"MEDIA INPUT INFRASTRUCTURE (V4L/DVB)","TOSHIBA TC358743 DRIVER",2792
"MEDIA INPUT INFRASTRUCTURE (V4L/DVB)","TUA9001 MEDIA DRIVER",372
"MEDIA INPUT INFRASTRUCTURE (V4L/DVB)","TW68 VIDEO4LINUX DRIVER",2145
"MEDIA INPUT INFRASTRUCTURE (V4L/DVB)","USB VIDEO CLASS",10198
"MEDIA INPUT INFRASTRUCTURE (V4L/DVB)","USB VISION DRIVER",6297
"MEDIA INPUT INFRASTRUCTURE (V4L/DVB)","USB ZR364XX DRIVER",1718
"MEDIA INPUT INFRASTRUCTURE (V4L/DVB)","VIDEOBUF2 FRAMEWORK",7336
"MEDIA INPUT INFRASTRUCTURE (V4L/DVB)","VIVID VIRTUAL VIDEO DRIVER",16598
"MEDIA INPUT INFRASTRUCTURE (V4L/DVB)","WINBOND CIR DRIVER",1228
"MEDIA INPUT INFRASTRUCTURE (V4L/DVB)","XC2028/3028 TUNER DRIVER",1748
"MEDIA INPUT INFRASTRUCTURE (V4L/DVB)","ZR36067 VIDEO FOR LINUX DRIVER",10795
"MEMBARRIER SUPPORT","MEMBARRIER SUPPORT",119
"MEMORY MANAGEMENT","CONTROL GROUP - MEMORY RESOURCE CONTROLLER (MEMCG)",6176
"MEMORY MANAGEMENT","FRONTSWAP API",611
"MEMORY MANAGEMENT","HWPOISON MEMORY FAILURE HANDLING",1903
"MEMORY MANAGEMENT","KASAN",2437
"MEMORY MANAGEMENT","KMEMLEAK",2396
"MEMORY MANAGEMENT","MEMORY MANAGEMENT",119959
"MEMORY MANAGEMENT","PER-CPU MEMORY ALLOCATOR",5377
"MEMORY MANAGEMENT","SLAB ALLOCATOR",13204
"MEMORY MANAGEMENT","TMPFS (SHMEM FILESYSTEM)",3597
"MEMORY MANAGEMENT","ZBUD COMPRESSED PAGE ALLOCATOR",658
"MEMORY MANAGEMENT","ZPOOL COMPRESSED PAGE STORAGE API",470
"MEMORY MANAGEMENT","ZSMALLOC COMPRESSED SLAB MEMORY ALLOCATOR",2181
"MEMORY MANAGEMENT","ZSWAP COMPRESSED SWAP CACHING",1271
"MEMORY TECHNOLOGY DEVICES (MTD)","ATMEL NAND DRIVER",2734
"MEMORY TECHNOLOGY DEVICES (MTD)","BLOCK2MTD DRIVER",501
"MEMORY TECHNOLOGY DEVICES (MTD)","BROADCOM STB NAND FLASH DRIVER",2864
"MEMORY TECHNOLOGY DEVICES (MTD)","FREESCALE GPMI NAND DRIVER",4231
"MEMORY TECHNOLOGY DEVICES (MTD)","FREESCALE QUAD SPI DRIVER",1200
"MEMORY TECHNOLOGY DEVICES (MTD)","MEMORY TECHNOLOGY DEVICES (MTD)",148003
"MEMORY TECHNOLOGY DEVICES (MTD)","MSYSTEMS DISKONCHIP G3 MTD DRIVER",2528
"MEMORY TECHNOLOGY DEVICES (MTD)","NAND FLASH SUBSYSTEM",58228
"MEMORY TECHNOLOGY DEVICES (MTD)","ONENAND FLASH DRIVER",7025
"MEMORY TECHNOLOGY DEVICES (MTD)","PXA3xx NAND FLASH DRIVER",2050
"MEMORY TECHNOLOGY DEVICES (MTD)","RICOH SMARTMEDIA/XD DRIVER",1242
"MEMORY TECHNOLOGY DEVICES (MTD)","UNSORTED BLOCK IMAGES (UBI)",18728
"MEMORY TECHNOLOGY DEVICES (MTD)","VF610 NAND DRIVER",873
"MEN A21 WATCHDOG DRIVER","MEN A21 WATCHDOG DRIVER",273
"MEN CHAMELEON BUS (mcb)","MEN CHAMELEON BUS (mcb)",1169
"MICROSOFT SURFACE PRO 3 BUTTON DRIVER","MICROSOFT SURFACE PRO 3 BUTTON DRIVER",218
"MIPS","BROADCOM BCM47XX MIPS ARCHITECTURE",3452
"MIPS","BROADCOM BMIPS MIPS ARCHITECTURE",5816
"MIPS","DECSTATION PLATFORM SUPPORT",4335
"MIPS","KERNEL VIRTUAL MACHINE FOR MIPS (KVM/mips)",8537
"MIPS","LANTIQ MIPS ARCHITECTURE",3689
"MIPS","MIPS",391575
"MIPS","RALINK MIPS ARCHITECTURE",2760
"MODULE SUPPORT","MODULE SUPPORT",4884
"MULTIMEDIA CARD (MMC), SECURE DIGITAL (SD) AND SDIO SUBSYSTEM","ALCHEMY AU1XX0 MMC DRIVER",1240
"MULTIMEDIA CARD (MMC), SECURE DIGITAL (SD) AND SDIO SUBSYSTEM","ARM PRIMECELL MMCI PL180/1 DRIVER",2418
"MULTIMEDIA CARD (MMC), SECURE DIGITAL (SD) AND SDIO SUBSYSTEM","ATMEL AT91 / AT32 MCI DRIVER",2754
"MULTIMEDIA CARD (MMC), SECURE DIGITAL (SD) AND SDIO SUBSYSTEM","ATMEL SDMMC DRIVER",280
"MULTIMEDIA CARD (MMC), SECURE DIGITAL (SD) AND SDIO SUBSYSTEM","BLACKFIN SDH DRIVER",679
"MULTIMEDIA CARD (MMC), SECURE DIGITAL (SD) AND SDIO SUBSYSTEM","ENE CB710 FLASH CARD READER DRIVER",1745
"MULTIMEDIA CARD (MMC), SECURE DIGITAL (SD) AND SDIO SUBSYSTEM","MARVELL SOC MMC/SD/SDIO CONTROLLER DRIVER",1036
"MULTIMEDIA CARD (MMC), SECURE DIGITAL (SD) AND SDIO SUBSYSTEM","MULTIMEDIA CARD (MMC) ETC. OVER SPI",1612
"MULTIMEDIA CARD (MMC), SECURE DIGITAL (SD) AND SDIO SUBSYSTEM","MULTIMEDIA CARD (MMC), SECURE DIGITAL (SD) AND SDIO SUBSYSTEM",90346
"MULTIMEDIA CARD (MMC), SECURE DIGITAL (SD) AND SDIO SUBSYSTEM","OMAP HS MMC SUPPORT",2408
"MULTIMEDIA CARD (MMC), SECURE DIGITAL (SD) AND SDIO SUBSYSTEM","OMAP MMC SUPPORT",1509
"MULTIMEDIA CARD (MMC), SECURE DIGITAL (SD) AND SDIO SUBSYSTEM","S3C24XX SD/MMC Driver",1968
"MULTIMEDIA CARD (MMC), SECURE DIGITAL (SD) AND SDIO SUBSYSTEM","SDRICOH_CS MMC/SD HOST CONTROLLER INTERFACE DRIVER",548
"MULTIMEDIA CARD (MMC), SECURE DIGITAL (SD) AND SDIO SUBSYSTEM","SECURE DIGITAL HOST CONTROLLER INTERFACE (SDHCI) DRIVER",15601
"MULTIMEDIA CARD (MMC), SECURE DIGITAL (SD) AND SDIO SUBSYSTEM","SECURE DIGITAL HOST CONTROLLER INTERFACE (SDHCI) SAMSUNG DRIVER",864
"MULTIMEDIA CARD (MMC), SECURE DIGITAL (SD) AND SDIO SUBSYSTEM","SECURE DIGITAL HOST CONTROLLER INTERFACE (SDHCI) ST SPEAR DRIVER",215
"MULTIMEDIA CARD (MMC), SECURE DIGITAL (SD) AND SDIO SUBSYSTEM","SYNOPSYS DESIGNWARE MMC/SD/SDIO DRIVER",5246
"MULTIMEDIA CARD (MMC), SECURE DIGITAL (SD) AND SDIO SUBSYSTEM","TI FLASH MEDIA INTERFACE DRIVER",2068
"MULTIMEDIA CARD (MMC), SECURE DIGITAL (SD) AND SDIO SUBSYSTEM","TMIO MMC DRIVER",2495
"MULTIMEDIA CARD (MMC), SECURE DIGITAL (SD) AND SDIO SUBSYSTEM","VIA SD/MMC CARD CONTROLLER DRIVER",1339
"MULTIMEDIA CARD (MMC), SECURE DIGITAL (SD) AND SDIO SUBSYSTEM","VUB300 USB to SDIO/SD/MMC bridge chip",2488
"MULTIMEDIA CARD (MMC), SECURE DIGITAL (SD) AND SDIO SUBSYSTEM","W83L51xD SD/MMC CARD INTERFACE DRIVER",2198
"NCP FILESYSTEM","NCP FILESYSTEM",6886
"NETWORK BLOCK DEVICE (NBD)","NETWORK BLOCK DEVICE (NBD)",1241
"NETWORKING [GENERAL]","6LOWPAN GENERIC (BTLE/IEEE 802.15.4)",2977
"NETWORKING [GENERAL]","9P FILE SYSTEM",14416
"NETWORKING [GENERAL]","AFS FILESYSTEM & AF_RXRPC SOCKET DOMAIN",15164
"NETWORKING [GENERAL]","APPLETALK NETWORK LAYER",7121
"NETWORKING [GENERAL]","AX.25 NETWORK LAYER",7463
"NETWORKING [GENERAL]","BATMAN ADVANCED",28297
"NETWORKING [GENERAL]","BLUETOOTH SUBSYSTEM",60593
"NETWORKING [GENERAL]","CAIF NETWORK LAYER",11802
"NETWORKING [GENERAL]","CAN NETWORK LAYER",7223
"NETWORKING [GENERAL]","CEPH COMMON CODE (LIBCEPH)",18991
"NETWORKING [GENERAL]","CFG80211 and NL80211",42891
"NETWORKING [GENERAL]","DAMA SLAVE for AX.25",4229
"NETWORKING [GENERAL]","DCCP PROTOCOL",14222
"NETWORKING [GENERAL]","DECnet NETWORK LAYER",11020
"NETWORKING [GENERAL]","DEVLINK",950
"NETWORKING [GENERAL]","ETHERNET BRIDGE",20007
"NETWORKING [GENERAL]","GRE DEMULTIPLEXER DRIVER",434
"NETWORKING [GENERAL]","HSR NETWORK PROTOCOL",2576
"NETWORKING [GENERAL]","IP MASQUERADING",91
"NETWORKING [GENERAL]","IPVS",21516
"NETWORKING [GENERAL]","IPX NETWORK LAYER",3107
"NETWORKING [GENERAL]","IRDA SUBSYSTEM",70014
"NETWORKING [GENERAL]","KERNEL NFSD, SUNRPC, AND LOCKD SERVERS",92001
"NETWORKING [GENERAL]","L3MDEV",363
"NETWORKING [GENERAL]","LAPB module",2207
"NETWORKING [GENERAL]","LLC (802.2)",13361
"NETWORKING [GENERAL]","MAC80211",70956
"NETWORKING [GENERAL]","NETEM NETWORK EMULATOR",1109
"NETWORKING [GENERAL]","NETFILTER ({IP,IP6,ARP,EB,NF}TABLES)",136402
"NETWORKING [GENERAL]","NETLABEL",8208
"NETWORKING [GENERAL]","NETROM NETWORK LAYER",4376
"NETWORKING [GENERAL]","NETWORK DROP MONITOR",437
"NETWORKING [GENERAL]","NETWORKING [GENERAL]",1015254
"NETWORKING [GENERAL]","NETWORKING [IPSEC]",27274
"NETWORKING [GENERAL]","NETWORKING [IPv4/IPv6]",157971
"NETWORKING [GENERAL]","NFC SUBSYSTEM",48578
"NETWORKING [GENERAL]","NFS, SUNRPC, AND LOCKD CLIENTS",130785
"NETWORKING [GENERAL]","NXP-NCI NFC DRIVER",1071
"NETWORKING [GENERAL]","OPENVSWITCH",12437
"NETWORKING [GENERAL]","PHONET PROTOCOL",4994
"NETWORKING [GENERAL]","PPP OVER ATM (RFC 2364)",524
"NETWORKING [GENERAL]","PPP OVER L2TP",1976
"NETWORKING [GENERAL]","RDS - RELIABLE DATAGRAM SOCKETS",14996
"NETWORKING [GENERAL]","RFKILL",2182
"NETWORKING [GENERAL]","ROSE NETWORK LAYER",5227
"NETWORKING [GENERAL]","SAMSUNG S3FWRN5 NFC DRIVER",1547
"NETWORKING [GENERAL]","SCTP PROTOCOL",41951
"NETWORKING [GENERAL]","SWITCHDEV",1759
"NETWORKING [GENERAL]","TC CLASSIFIER",39706
"NETWORKING [GENERAL]","TCP LOW PRIORITY MODULE",342
"NETWORKING [GENERAL]","TIPC NETWORK LAYER",17574
"NETWORKING [GENERAL]","WIMAX STACK",3461
"NETWORKING [GENERAL]","X.25 NETWORK LAYER",5342
"NETWORKING [LABELED] (NetLabel, CIPSO, Labeled IPsec, SECMARK)","NETWORKING [LABELED] (NetLabel, CIPSO, Labeled IPsec, SECMARK)",0
"NETWORKING [WIRELESS]","NETWORKING [WIRELESS]",0
"NETWORKING DRIVERS","3C59X NETWORK DRIVER",3826
"NETWORKING DRIVERS","3CR990 NETWORK DRIVER",3180
"NETWORKING DRIVERS","6PACK NETWORK DRIVER FOR AX.25",1021
"NETWORKING DRIVERS","8169 10/100/1000 GIGABIT ETHERNET DRIVER",8480
"NETWORKING DRIVERS","8390 NETWORK DRIVERS [WD80x3/SMC-ELITE, SMC-ULTRA, NE2000, 3C503, etc.]",12985
"NETWORKING DRIVERS","ACENIC DRIVER",3979
"NETWORKING DRIVERS","ADF7242 IEEE 802.15.4 RADIO DRIVER",1303
"NETWORKING DRIVERS","ADM8211 WIRELESS DRIVER",2595
"NETWORKING DRIVERS","ALTERA TRIPLE SPEED ETHERNET DRIVER",3621
"NETWORKING DRIVERS","AMD XGBE DRIVER",12091
"NETWORKING DRIVERS","APPLIED MICRO (APM) X-GENE SOC ETHERNET DRIVER",5627
"NETWORKING DRIVERS","ARCNET NETWORK LAYER",6193
"NETWORKING DRIVERS","ARM/CAVIUM THUNDER NETWORK DRIVER",8179
"NETWORKING DRIVERS","ATHEROS ATH GENERIC UTILITIES",4182
"NETWORKING DRIVERS","ATHEROS ATH5K WIRELESS DRIVER",27042
"NETWORKING DRIVERS","ATHEROS ATH6KL WIRELESS DRIVER",30846
"NETWORKING DRIVERS","ATLX ETHERNET DRIVERS",24203
"NETWORKING DRIVERS","ATMEL MACB ETHERNET DRIVER",3999
"NETWORKING DRIVERS","ATMEL WIRELESS DRIVER",4954
"NETWORKING DRIVERS","ATUSB IEEE 802.15.4 RADIO DRIVER",1082
"NETWORKING DRIVERS","B43 WIRELESS DRIVER",58114
"NETWORKING DRIVERS","B43LEGACY WIRELESS DRIVER",14955
"NETWORKING DRIVERS","BAYCOM/HDLCDRV DRIVERS FOR AX.25",3326
"NETWORKING DRIVERS","BECKHOFF CX5020 ETHERCAT MASTER DRIVER",613
"NETWORKING DRIVERS","BLACKFIN EMAC DRIVER",2093
"NETWORKING DRIVERS","BONDING DRIVER",12937
"NETWORKING DRIVERS","BROADCOM B44 10/100 ETHERNET DRIVER",3015
"NETWORKING DRIVERS","BROADCOM BNX2 GIGABIT ETHERNET DRIVER",16391
"NETWORKING DRIVERS","BROADCOM BNX2X 10 GIGABIT ETHERNET DRIVER",80871
"NETWORKING DRIVERS","BROADCOM BRCM80211 IEEE802.11n WIRELESS DRIVER",110508
"NETWORKING DRIVERS","BROADCOM GENET ETHERNET DRIVER",5177
"NETWORKING DRIVERS","BROADCOM SYSTEMPORT ETHERNET DRIVER",2790
"NETWORKING DRIVERS","BROADCOM TG3 GIGABIT ETHERNET DRIVER",21711
"NETWORKING DRIVERS","BROCADE BNA 10 GIGABIT ETHERNET DRIVER",22638
"NETWORKING DRIVERS","CAN NETWORK DRIVERS",43011
"NETWORKING DRIVERS","CARL9170 LINUX COMMUNITY WIRELESS DRIVER",13809
"NETWORKING DRIVERS","CAVIUM LIQUIDIO NETWORK DRIVER",14413
"NETWORKING DRIVERS","CC2520 IEEE-802.15.4 RADIO DRIVER",1323
"NETWORKING DRIVERS","CIRRUS LOGIC EP93XX ETHERNET DRIVER",888
"NETWORKING DRIVERS","CISCO VIC ETHERNET NIC DRIVER",9664
"NETWORKING DRIVERS","COSA/SRP SYNC SERIAL DRIVER",2168
"NETWORKING DRIVERS","CPMAC ETHERNET DRIVER",1293
"NETWORKING DRIVERS","CW1200 WLAN driver",13612
"NETWORKING DRIVERS","CXGB3 ETHERNET DRIVER (CXGB3)",21797
"NETWORKING DRIVERS","CXGB4 ETHERNET DRIVER (CXGB4)",34979
"NETWORKING DRIVERS","CXGB4VF ETHERNET DRIVER (CXGB4VF)",8557
"NETWORKING DRIVERS","CYCLADES PC300 DRIVER",534
"NETWORKING DRIVERS","DAVICOM FAST ETHERNET (DMFE) NETWORK DRIVER",2339
"NETWORKING DRIVERS","DEFXX FDDI NETWORK DRIVER",5656
"NETWORKING DRIVERS","DSCC4 DRIVER",2053
"NETWORKING DRIVERS","EHEA (IBM pSeries eHEA 10Gb ethernet adapter) DRIVER",7164
"NETWORKING DRIVERS","Emulex 10Gbps NIC BE2, BE3-R, Lancer, Skyhawk-R DRIVER",15948
"NETWORKING DRIVERS","ET131X NETWORK DRIVER",5577
"NETWORKING DRIVERS","ETHERNET PHY LIBRARY",18796
"NETWORKING DRIVERS","FARSYNC SYNCHRONOUS DRIVER",3024
"NETWORKING DRIVERS","FRAME RELAY DLCI/FRAD (Sangoma drivers too)",2208
"NETWORKING DRIVERS","FREESCALE eTSEC ETHERNET DRIVER (GIANFAR)",6897
"NETWORKING DRIVERS","FREESCALE IMX / MXC FEC DRIVER",4905
"NETWORKING DRIVERS","FREESCALE QUICC ENGINE UCC ETHERNET DRIVER",5646
"NETWORKING DRIVERS","FREESCALE SOC FS_ENET DRIVER",3780
"NETWORKING DRIVERS","GENERIC HDLC (WAN) DRIVERS",9508
"NETWORKING DRIVERS","GRETH 10/100/1G Ethernet MAC device driver",1766
"NETWORKING DRIVERS","HIGH-SPEED SCC DRIVER FOR AX.25",3652
"NETWORKING DRIVERS","HIPPI",2976
"NETWORKING DRIVERS","HOST AP DRIVER",19310
"NETWORKING DRIVERS","HP100:	Driver for HP 10/100 Mbit/s Voice Grade Network Adapter Series",3666
"NETWORKING DRIVERS","HSO 3G MODEM DRIVER",3323
"NETWORKING DRIVERS","IBM Power SRIOV Virtual NIC Device Driver",4629
"NETWORKING DRIVERS","IBM Power Virtual Ethernet Device Driver",2016
"NETWORKING DRIVERS","IEEE 802.15.4 SUBSYSTEM",22543
"NETWORKING DRIVERS","INTEL ETHERNET DRIVERS",218763
"NETWORKING DRIVERS","INTEL PRO/WIRELESS 2100, 2200BG, 2915ABG NETWORK CONNECTION SUPPORT",29427
"NETWORKING DRIVERS","INTEL WIRELESS 3945ABG/BG, 4965AGN (iwlegacy)",38023
"NETWORKING DRIVERS","INTEL WIRELESS WIFI LINK (iwlwifi)",95789
"NETWORKING DRIVERS","INTEL WIRELESS WIMAX CONNECTION 2400",12230
"NETWORKING DRIVERS","IOC3 ETHERNET DRIVER",1672
"NETWORKING DRIVERS","JME NETWORK DRIVER",4650
"NETWORKING DRIVERS","MACVLAN DRIVER",1728
"NETWORKING DRIVERS","MARVELL GIGABIT ETHERNET DRIVERS (skge/sky2)",14499
"NETWORKING DRIVERS","MARVELL LIBERTAS WIRELESS DRIVER",16215
"NETWORKING DRIVERS","MARVELL MV643XX ETHERNET DRIVER",4261
"NETWORKING DRIVERS","MARVELL MVNETA ETHERNET DRIVER",4914
"NETWORKING DRIVERS","MARVELL MWIFIEX WIRELESS DRIVER",43684
"NETWORKING DRIVERS","MARVELL MWL8K WIRELESS DRIVER",6348
"NETWORKING DRIVERS","MEDIATEK MT7601U WIRELESS LAN DRIVER",7962
"NETWORKING DRIVERS","MELLANOX ETHERNET DRIVER (mlx4_en)",10234
"NETWORKING DRIVERS","MELLANOX ETHERNET DRIVER (mlx5e)",6832
"NETWORKING DRIVERS","MELLANOX ETHERNET SWITCH DRIVERS",16534
"NETWORKING DRIVERS","MELLANOX MLX4 core VPI driver",42869
"NETWORKING DRIVERS","MELLANOX MLX5 core VPI driver",32922
"NETWORKING DRIVERS","MELLANOX MLX5 IB driver",24864
"NETWORKING DRIVERS","MRF24J40 IEEE 802.15.4 RADIO DRIVER",1416
"NETWORKING DRIVERS","MYRICOM MYRI-10G 10GbE DRIVER (MYRI10GE)",4788
"NETWORKING DRIVERS","NATSEMI ETHERNET DRIVER (DP8381x)",3386
"NETWORKING DRIVERS","NETERION 10GbE DRIVERS (s2io/vxge)",34293
"NETWORKING DRIVERS","NETRONOME ETHERNET DRIVERS",4815
"NETWORKING DRIVERS","NETWORKING DRIVERS",2704530
"NETWORKING DRIVERS","NETWORKING DRIVERS (WIRELESS)",1059559
"NETWORKING DRIVERS","NETXEN (1/10) GbE SUPPORT",13230
"NETWORKING DRIVERS","ORINOCO DRIVER",12765
"NETWORKING DRIVERS","P54 WIRELESS DRIVER",8530
"NETWORKING DRIVERS","PA SEMI ETHERNET DRIVER",2256
"NETWORKING DRIVERS","PCNET32 NETWORK DRIVER",2990
"NETWORKING DRIVERS","PPP OVER ETHERNET",1363
"NETWORKING DRIVERS","PPP PROTOCOL DRIVERS AND COMPRESSORS",6323
"NETWORKING DRIVERS","PPTP DRIVER",741
"NETWORKING DRIVERS","PRISM54 WIRELESS DRIVER",7633
"NETWORKING DRIVERS","PS3 NETWORK SUPPORT",2278
"NETWORKING DRIVERS","PTP HARDWARE CLOCK SUPPORT",5797
"NETWORKING DRIVERS","QLOGIC QL4xxx ETHERNET DRIVER",27497
"NETWORKING DRIVERS","QLOGIC QLA3XXX NETWORK DRIVER",5182
"NETWORKING DRIVERS","QLOGIC QLCNIC (1/10)Gb ETHERNET DRIVER",32951
"NETWORKING DRIVERS","QLOGIC QLGE 10Gb ETHERNET DRIVER",11425
"NETWORKING DRIVERS","QUALCOMM ATHEROS ATH10K WIRELESS DRIVER",53459
"NETWORKING DRIVERS","QUALCOMM ATHEROS ATH9K WIRELESS DRIVER",87094
"NETWORKING DRIVERS","QUALCOMM WCN36XX WIRELESS DRIVER",10396
"NETWORKING DRIVERS","RALINK RT2X00 WIRELESS LAN DRIVER",43365
"NETWORKING DRIVERS","RAYLINK/WEBGEAR 802.11 WIRELESS LAN DRIVER",3656
"NETWORKING DRIVERS","RDC R6040 FAST ETHERNET DRIVER",1256
"NETWORKING DRIVERS","RENESAS ETHERNET DRIVERS",7025
"NETWORKING DRIVERS","ROCKER DRIVER",6769
"NETWORKING DRIVERS","RTL8180 WIRELESS DRIVER",4188
"NETWORKING DRIVERS","RTL8187 WIRELESS DRIVER",3358
"NETWORKING DRIVERS","RTL8192CE WIRELESS DRIVER",171450
"NETWORKING DRIVERS","RTL8XXXU WIRELESS DRIVER (rtl8xxxu)",11173
"NETWORKING DRIVERS","SAMSUNG SXGBE DRIVERS",6288
"NETWORKING DRIVERS","SFC NETWORK DRIVER",49906
"NETWORKING DRIVERS","SIS 190 ETHERNET DRIVER",1933
"NETWORKING DRIVERS","SIS 900/7016 FAST ETHERNET DRIVER",2846
"NETWORKING DRIVERS","SMC91x ETHERNET DRIVER",3606
"NETWORKING DRIVERS","SMSC911x ETHERNET DRIVER",3145
"NETWORKING DRIVERS","SMSC9420 PCI ETHERNET DRIVER",2019
"NETWORKING DRIVERS","SONIC NETWORK DRIVER",1191
"NETWORKING DRIVERS","SPIDERNET NETWORK DRIVER for CELL",3444
"NETWORKING DRIVERS","STARFIRE/DURALAN NETWORK DRIVER",2060
"NETWORKING DRIVERS","STMMAC ETHERNET DRIVER",12396
"NETWORKING DRIVERS","SUNDANCE NETWORK DRIVER",2027
"NETWORKING DRIVERS","SYNOPSYS DESIGNWARE ETHERNET QOS 4.10a driver",3089
"NETWORKING DRIVERS","TEAM DRIVER",4535
"NETWORKING DRIVERS","TEHUTI ETHERNET DRIVER",3078
"NETWORKING DRIVERS","TI NETCP ETHERNET DRIVER",6436
"NETWORKING DRIVERS","TI WILINK WIRELESS DRIVERS",46053
"NETWORKING DRIVERS","TILE ARCHITECTURE",76817
"NETWORKING DRIVERS","TLAN NETWORK DRIVER",3953
"NETWORKING DRIVERS","TULIP NETWORK DRIVERS",21265
"NETWORKING DRIVERS","USB AR5523 WIRELESS DRIVER",2390
"NETWORKING DRIVERS","USB CDC ETHERNET DRIVER",4298
"NETWORKING DRIVERS","USB DAVICOM DM9601 DRIVER",646
"NETWORKING DRIVERS","USB LAN78XX ETHERNET DRIVER",4656
"NETWORKING DRIVERS","USB NETWORKING DRIVERS",43119
"NETWORKING DRIVERS","USB PEGASUS DRIVER",1643
"NETWORKING DRIVERS","USB QMI WWAN NETWORK DRIVER",1036
"NETWORKING DRIVERS","USB RTL8150 DRIVER",949
"NETWORKING DRIVERS","USB SMSC75XX ETHERNET DRIVER",2702
"NETWORKING DRIVERS","USB SMSC95XX ETHERNET DRIVER",2317
"NETWORKING DRIVERS","USB USBNET DRIVER FRAMEWORK",2549
"NETWORKING DRIVERS","USB WIRELESS RNDIS DRIVER (rndis_wlan)",3768
"NETWORKING DRIVERS","USB ZD1201 DRIVER",2060
"NETWORKING DRIVERS","VIA RHINE NETWORK DRIVER",2654
"NETWORKING DRIVERS","VIA VELOCITY NETWORK DRIVER",5328
"NETWORKING DRIVERS","VIRTIO CORE, NET AND BLOCK DRIVERS",14284
"NETWORKING DRIVERS","VLAN (802.1Q)",5349
"NETWORKING DRIVERS","VMWARE VMXNET3 ETHERNET DRIVER",5533
"NETWORKING DRIVERS","VRF",1385
"NETWORKING DRIVERS","WILOCITY WIL6210 WIRELESS DRIVER",13872
"NETWORKING DRIVERS","WL3501 WIRELESS PCMCIA CARD DRIVER",2636
"NETWORKING DRIVERS","XEN NETWORK BACKEND DRIVER",4408
"NETWORKING DRIVERS","YAM DRIVER FOR AX.25",1302
"NETWORKING DRIVERS","Z8530 DRIVER FOR AX.25",4554
"NETWORKING DRIVERS","ZD1211RW WIRELESS DRIVER",8917
"NTB DRIVER CORE","NTB AMD DRIVER",1338
"NTB DRIVER CORE","NTB DRIVER CORE",9602
"NTB DRIVER CORE","NTB INTEL DRIVER",2651
"NVM EXPRESS DRIVER","NVM EXPRESS DRIVER",8019
"OBJTOOL","OBJTOOL",5270
"OMAP HARDWARE SPINLOCK SUPPORT","OMAP HARDWARE SPINLOCK SUPPORT",212
"OMAP RANDOM NUMBER GENERATOR SUPPORT","OMAP RANDOM NUMBER GENERATOR SUPPORT",460
"OMFS FILESYSTEM","OMFS FILESYSTEM",1902
"OMNIKEY CARDMAN 4000 DRIVER","OMNIKEY CARDMAN 4000 DRIVER",1997
"OMNIKEY CARDMAN 4040 DRIVER","OMNIKEY CARDMAN 4040 DRIVER",733
"OPEN FIRMWARE AND FLATTENED DEVICE TREE","OPEN FIRMWARE AND DEVICE TREE OVERLAYS",1128
"OPEN FIRMWARE AND FLATTENED DEVICE TREE","OPEN FIRMWARE AND FLATTENED DEVICE TREE",30657
"OPENRISC ARCHITECTURE","OPENRISC ARCHITECTURE",9994
"ORACLE CLUSTER FILESYSTEM 2 (OCFS2)","ORACLE CLUSTER FILESYSTEM 2 (OCFS2)",94504
"OVERLAY FILESYSTEM","OVERLAY FILESYSTEM",4090
"PADATA PARALLEL EXECUTION MECHANISM","PADATA PARALLEL EXECUTION MECHANISM",1454
"PCDP - PRIMARY CONSOLE AND DEBUG PORT","PCDP - PRIMARY CONSOLE AND DEBUG PORT",247
"PCI DRIVER FOR FREESCALE LAYERSCAPE","PCI DRIVER FOR FREESCALE LAYERSCAPE",283
"PCI SUBSYSTEM","COMPACTPCI HOTPLUG CORE",1174
"PCI SUBSYSTEM","COMPACTPCI HOTPLUG ZIATECH ZT5550 DRIVER",407
"PCI SUBSYSTEM","PCI DRIVER FOR ALTERA PCIE IP",638
"PCI SUBSYSTEM","PCI DRIVER FOR APPLIEDMICRO XGENE",633
"PCI SUBSYSTEM","PCI DRIVER FOR ARM VERSATILE PLATFORM",294
"PCI SUBSYSTEM","PCI DRIVER FOR GENERIC OF HOSTS",400
"PCI SUBSYSTEM","PCI DRIVER FOR IMX6",641
"PCI SUBSYSTEM","PCI DRIVER FOR INTEL VOLUME MANAGEMENT DEVICE (VMD)",756
"PCI SUBSYSTEM","PCI DRIVER FOR MVEBU (Marvell Armada 370 and Armada XP SOC support)",1320
"PCI SUBSYSTEM","PCI DRIVER FOR NVIDIA TEGRA",2327
"PCI SUBSYSTEM","PCI DRIVER FOR RENESAS R-CAR",1535
"PCI SUBSYSTEM","PCI DRIVER FOR SAMSUNG EXYNOS",647
"PCI SUBSYSTEM","PCI DRIVER FOR SYNOPSIS DESIGNWARE",1034
"PCI SUBSYSTEM","PCI DRIVER FOR SYNOPSYS PROTOTYPING DEVICE",185
"PCI SUBSYSTEM","PCI DRIVER FOR TI DRA7XX",625
"PCI SUBSYSTEM","PCI DRIVER FOR TI KEYSTONE",978
"PCI SUBSYSTEM","PCI ERROR RECOVERY",431
"PCI SUBSYSTEM","PCI MSI DRIVER FOR ALTERA MSI IP",342
"PCI SUBSYSTEM","PCI MSI DRIVER FOR APPLIEDMICRO XGENE",651
"PCI SUBSYSTEM","PCI SUBSYSTEM",97233
"PCI SUBSYSTEM","PCIE DRIVER FOR CAVIUM THUNDERX",822
"PCI SUBSYSTEM","PCIE DRIVER FOR HISILICON",298
"PCI SUBSYSTEM","PCIE DRIVER FOR QUALCOMM MSM",606
"PCI SUBSYSTEM","PCIE DRIVER FOR ST SPEAR13XX",378
"PCI SUBSYSTEM","XEN PCI SUBSYSTEM",1774
"PER-TASK DELAY ACCOUNTING","PER-TASK DELAY ACCOUNTING",311
"PERSONALITY HANDLING","PERSONALITY HANDLING",85
"PHRAM MTD DRIVER","PHRAM MTD DRIVER",328
"PIN CONTROL SUBSYSTEM","ARM/Amlogic Meson SoC support",8242
"PIN CONTROL SUBSYSTEM","ARM/NOMADIK ARCHITECTURE",9758
"PIN CONTROL SUBSYSTEM","ARM/STM32 ARCHITECTURE",7616
"PIN CONTROL SUBSYSTEM","ARM/UNIPHIER ARCHITECTURE",13776
"PIN CONTROL SUBSYSTEM","ARM/Ux500 ARM ARCHITECTURE",26688
"PIN CONTROL SUBSYSTEM","PIN CONTROL SUBSYSTEM",231538
"PIN CONTROL SUBSYSTEM","PIN CONTROLLER - ATMEL AT91",3017
"PIN CONTROL SUBSYSTEM","PIN CONTROLLER - ATMEL AT91 PIO4",1099
"PIN CONTROL SUBSYSTEM","PIN CONTROLLER - INTEL",5445
"PIN CONTROL SUBSYSTEM","PIN CONTROLLER - RENESAS",64865
"PIN CONTROL SUBSYSTEM","PIN CONTROLLER - SAMSUNG",5825
"PIN CONTROL SUBSYSTEM","PIN CONTROLLER - SINGLE",2032
"PIN CONTROL SUBSYSTEM","PIN CONTROLLER - ST SPEAR",11678
"PKTCDVD DRIVER","PKTCDVD DRIVER",3325
"PNP SUPPORT","ISAPNP",1452
"PNP SUPPORT","PNP SUPPORT",8771
"POWER STATE COORDINATION INTERFACE (PSCI)","POWER STATE COORDINATION INTERFACE (PSCI)",774
"POWER SUPPLY CLASS/SUBSYSTEM and DRIVERS","MAXIM MUIC CHARGER DRIVERS FOR EXYNOS BASED BOARDS",1419
"POWER SUPPLY CLASS/SUBSYSTEM and DRIVERS","NOKIA N900 POWER SUPPLY DRIVERS",4150
"POWER SUPPLY CLASS/SUBSYSTEM and DRIVERS","POWER SUPPLY CLASS/SUBSYSTEM and DRIVERS",60596
"POWER SUPPLY CLASS/SUBSYSTEM and DRIVERS","TI BQ27XXX POWER SUPPLY DRIVER",1391
"POWER SUPPLY CLASS/SUBSYSTEM and DRIVERS","TI LP8727 CHARGER DRIVER",699
"PPS SUPPORT","PPS SUPPORT",2484
"PREEMPTIBLE KERNEL","PREEMPTIBLE KERNEL",436
"PXA MMCI DRIVER","PXA MMCI DRIVER",0
"PXA RTC DRIVER","PXA RTC DRIVER",0
"QNX4 FILESYSTEM","QNX4 FILESYSTEM",868
"RADOS BLOCK DEVICE (RBD)","RADOS BLOCK DEVICE (RBD)",5934
"RAMDISK RAM BLOCK DEVICE DRIVER","RAMDISK RAM BLOCK DEVICE DRIVER",831
"RAPIDIO SUBSYSTEM","RAPIDIO SUBSYSTEM",13488
"RDC R-321X SoC","RDC R-321X SoC",0
"REISERFS FILE SYSTEM","REISERFS FILE SYSTEM",32655
"REMOTE PROCESSOR (REMOTEPROC) SUBSYSTEM","REMOTE PROCESSOR (REMOTEPROC) SUBSYSTEM",5031
"REMOTE PROCESSOR MESSAGING (RPMSG) SUBSYSTEM","REMOTE PROCESSOR MESSAGING (RPMSG) SUBSYSTEM",1780
"RENESAS USB2 PHY DRIVER","RENESAS USB2 PHY DRIVER",317
"RHASHTABLE","RHASHTABLE",1761
"RICOH R5C592 MEMORYSTICK DRIVER","RICOH R5C592 MEMORYSTICK DRIVER",1072
"S390","S390",209324
"S390","S390 COMMON I/O LAYER",21084
"S390","S390 DASD DRIVER",19642
"S390","S390 IUCV NETWORK LAYER",8020
"S390","S390 NETWORK DRIVERS",30082
"S390","S390 PCI SUBSYSTEM",3152
"S390","S390 ZCRYPT DRIVER",7137
"S390","S390 ZFCP DRIVER",10608
"S390","VIRTIO DRIVERS FOR S390",1938
"SC1200 WDT DRIVER","SC1200 WDT DRIVER",479
"SCHEDULER","SCHEDULER",33660
"SCORE ARCHITECTURE","SCORE ARCHITECTURE",7746
"SCSI SUBSYSTEM","3WARE SAS/SATA-RAID SCSI DRIVERS (3W-XXXX, 3W-9XXX, 3W-SAS)",8135
"SCSI SUBSYSTEM","53C700 AND 53C700-66 SCSI DRIVER",4397
"SCSI SUBSYSTEM","AACRAID SCSI RAID DRIVER",13860
"SCSI SUBSYSTEM","ADVANSYS SCSI DRIVER",12107
"SCSI SUBSYSTEM","AHA152X SCSI DRIVER",3972
"SCSI SUBSYSTEM","AIC7XXX / AIC79XX SCSI DRIVER",59160
"SCSI SUBSYSTEM","ARM/RISCPC ARCHITECTURE",16744
"SCSI SUBSYSTEM","ATTO EXPRESSSAS SAS/SATA RAID SCSI DRIVER",15592
"SCSI SUBSYSTEM","BROADCOM BNX2FC 10 GIGABIT FCOE DRIVER",10971
"SCSI SUBSYSTEM","BROADCOM BNX2I 1/10 GIGABIT iSCSI DRIVER",8413
"SCSI SUBSYSTEM","BROADCOM IPROC ARM ARCHITECTURE",64078
"SCSI SUBSYSTEM","BROCADE BFA FC SCSI DRIVER",59095
"SCSI SUBSYSTEM","BUSLOGIC SCSI DRIVER",12796
"SCSI SUBSYSTEM","CISCO FCOE HBA DRIVER",13109
"SCSI SUBSYSTEM","CISCO SCSI HBA DRIVER",10228
"SCSI SUBSYSTEM","CXGB3 ISCSI DRIVER (CXGB3I)",1489
"SCSI SUBSYSTEM","CXGB4 ISCSI DRIVER (CXGB4I)",1957
"SCSI SUBSYSTEM","CXLFLASH (IBM Coherent Accelerator Processor Interface CAPI Flash) SCSI DRIVER",7658
"SCSI SUBSYSTEM","DC390/AM53C974 SCSI driver",582
"SCSI SUBSYSTEM","DC395x SCSI driver",5650
"SCSI SUBSYSTEM","DPT_I2O SCSI RAID DRIVER",5728
"SCSI SUBSYSTEM","EATA ISA/EISA/PCI SCSI DRIVER",2578
"SCSI SUBSYSTEM","EMULEX/AVAGO LPFC FC/FCOE SCSI DRIVER",88132
"SCSI SUBSYSTEM","FCOE SUBSYSTEM (libfc, libfcoe, fcoe)",22940
"SCSI SUBSYSTEM","FUTURE DOMAIN TMC-16x0 SCSI DRIVER (16-bit)",1807
"SCSI SUBSYSTEM","GDT SCSI DISK ARRAY CONTROLLER DRIVER",7254
"SCSI SUBSYSTEM","HEWLETT-PACKARD SMART ARRAY RAID DRIVER (hpsa)",11630
"SCSI SUBSYSTEM","HIGHPOINT ROCKETRAID 3xxx RAID DRIVER",1896
"SCSI SUBSYSTEM","HISILICON SAS Controller",5942
"SCSI SUBSYSTEM","Hyper-V CORE AND DRIVERS",25313
"SCSI SUBSYSTEM","IBM Power Linux RAID adapter",12661
"SCSI SUBSYSTEM","IBM Power Virtual FC Device Drivers",5791
"SCSI SUBSYSTEM","IBM Power Virtual SCSI Device Drivers",2714
"SCSI SUBSYSTEM","IBM ServeRAID RAID DRIVER",8427
"SCSI SUBSYSTEM","INTEL C600 SERIES SAS CONTROLLER DRIVER",23164
"SCSI SUBSYSTEM","IPS SCSI RAID DRIVER",8427
"SCSI SUBSYSTEM","ISCSI",13930
"SCSI SUBSYSTEM","LASI 53c700 driver for PARISC",4532
"SCSI SUBSYSTEM","LSILOGIC MPT FUSION DRIVERS (FC/SAS/SPI)",70413
"SCSI SUBSYSTEM","LSILOGIC/SYMBIOS/NCR 53C8XX and 53C1010 PCI-SCSI drivers",16414
"SCSI SUBSYSTEM","MEGARAID SCSI/SAS DRIVERS",28725
"SCSI SUBSYSTEM","NCR 5380 SCSI DRIVERS",11102
"SCSI SUBSYSTEM","NCR DUAL 700 SCSI DRIVER (MICROCHANNEL)",434
"SCSI SUBSYSTEM","NINJA SCSI-3 / NINJA SCSI-32Bi (16bit/CardBus) PCMCIA SCSI HOST ADAPTER DRIVER",2847
"SCSI SUBSYSTEM","NINJA SCSI-32Bi/UDE PCI/CARDBUS SCSI HOST ADAPTER DRIVER",4697
"SCSI SUBSYSTEM","ONSTREAM SCSI TAPE DRIVER",7323
"SCSI SUBSYSTEM","OSD LIBRARY and FILESYSTEM",11242
"SCSI SUBSYSTEM","PMC SIERRA MaxRAID DRIVER",7154
"SCSI SUBSYSTEM","PMC SIERRA PM8001 DRIVER",16811
"SCSI SUBSYSTEM","QLOGIC QLA1280 SCSI DRIVER",5574
"SCSI SUBSYSTEM","QLOGIC QLA2XXX FC-SCSI DRIVER",73313
"SCSI SUBSYSTEM","QLOGIC QLA4XXX iSCSI DRIVER",28308
"SCSI SUBSYSTEM","SCSI CDROM DRIVER",2025
"SCSI SUBSYSTEM","SCSI SG DRIVER",3081
"SCSI SUBSYSTEM","SCSI SUBSYSTEM",917619
"SCSI SUBSYSTEM","SCSI TAPE DRIVER",9612
"SCSI SUBSYSTEM","SERVER ENGINES 10Gbps iSCSI - BladeEngine 2 DRIVER",13782
"SCSI SUBSYSTEM","U14-34F SCSI DRIVER",1971
"SCSI SUBSYSTEM","UNIVERSAL FLASH STORAGE HOST CONTROLLER DRIVER",11448
"SCSI SUBSYSTEM","VMware PVSCSI driver",2098
"SCSI SUBSYSTEM","WD7000 SCSI DRIVER",1657
"SCx200 GPIO DRIVER","SCx200 GPIO DRIVER",220
"SCx200 HRT CLOCKSOURCE DRIVER","SCx200 HRT CLOCKSOURCE DRIVER",93
"SECURITY CONTACT","SECURITY CONTACT",0
"SECURITY SUBSYSTEM","APPARMOR SECURITY MODULE",8985
"SECURITY SUBSYSTEM","CAPABILITIES",2155
"SECURITY SUBSYSTEM","Extended Verification Module (EVM)",1088
"SECURITY SUBSYSTEM","INTEGRITY MEASUREMENT ARCHITECTURE (IMA)",4815
"SECURITY SUBSYSTEM","KEYS-ENCRYPTED",1503
"SECURITY SUBSYSTEM","KEYS-TRUSTED",1588
"SECURITY SUBSYSTEM","KEYS/KEYRINGS:",13391
"SECURITY SUBSYSTEM","SECURITY SUBSYSTEM",77494
"SECURITY SUBSYSTEM","SELINUX SECURITY MODULE",24808
"SECURITY SUBSYSTEM","SMACK SECURITY MODULE",9878
"SECURITY SUBSYSTEM","TOMOYO SECURITY MODULE",12236
"SECURITY SUBSYSTEM","YAMA SECURITY MODULE",423
"SGI GRU DRIVER","SGI GRU DRIVER",7256
"SGI XP/XPC/XPNET DRIVER","SGI XP/XPC/XPNET DRIVER",9875
"SI4713 FM RADIO TRANSMITTER PLATFORM DRIVER","SI4713 FM RADIO TRANSMITTER PLATFORM DRIVER",228
"SIMPLE FIRMWARE INTERFACE (SFI)","SIMPLE FIRMWARE INTERFACE (SFI)",1253
"SIMTEC EB110ATX (Chalice CATS)","SIMTEC EB110ATX (Chalice CATS)",0
"SLEEPABLE READ-COPY UPDATE (SRCU)","SLEEPABLE READ-COPY UPDATE (SRCU)",945
"SOEKRIS NET48XX LED SUPPORT","SOEKRIS NET48XX LED SUPPORT",89
"SOFTWARE RAID (Multiple Disks) SUPPORT","BCACHE (BLOCK LAYER CACHE)",15604
"SOFTWARE RAID (Multiple Disks) SUPPORT","DEVICE-MAPPER  (LVM)",62838
"SOFTWARE RAID (Multiple Disks) SUPPORT","SOFTWARE RAID (Multiple Disks) SUPPORT",108628
"SONICS SILICON BACKPLANE DRIVER (SSB)","SONICS SILICON BACKPLANE DRIVER (SSB)",12280
"SONY MEMORYSTICK CARD SUPPORT","SONY MEMORYSTICK CARD SUPPORT",688
"SONY MEMORYSTICK STANDARD SUPPORT","SONY MEMORYSTICK STANDARD SUPPORT",2675
"SOUND","AD1889 ALSA SOUND DRIVER",1240
"SOUND","AEDSP16 DRIVER",1373
"SOUND","ANALOG DEVICES INC ASOC CODEC DRIVERS",12379
"SOUND","ANALOG DEVICES INC ASOC DRIVERS",5342
"SOUND","AOA (Apple Onboard Audio) ALSA DRIVER",7537
"SOUND","ARM PRIMECELL AACI PL041 DRIVER",1361
"SOUND","ATMEL Audio ALSA driver",4225
"SOUND","BT87X AUDIO DRIVER",1072
"SOUND","C-MEDIA CMI8788 DRIVER",9976
"SOUND","CIRRUS LOGIC AUDIO CODEC DRIVERS",11254
"SOUND","CS5535 Audio ALSA driver",1326
"SOUND","DIALOG SEMICONDUCTOR DRIVERS",37572
"SOUND","EDIROL UA-101/UA-1000 DRIVER",1388
"SOUND","EXTERNAL CONNECTOR SUBSYSTEM (EXTCON)",11009
"SOUND","FIREWIRE AUDIO DRIVERS",21531
"SOUND","FREESCALE SOC SOUND DRIVERS",13251
"SOUND","HARMONY SOUND DRIVER",1188
"SOUND","INTEL ASoC BDW/HSW DRIVERS",7574
"SOUND","MAXIM MAX77802 MULTIFUNCTION PMIC DEVICE DRIVERS",927
"SOUND","MAXIM PMIC AND MUIC DRIVERS FOR EXYNOS BASED BOARDS",7887
"SOUND","MULTIFUNCTION DEVICES (MFD)",160433
"SOUND","MULTISOUND SOUND DRIVER",4201
"SOUND","NATIVE INSTRUMENTS USB SOUND INTERFACE DRIVER",3324
"SOUND","NXP TFA9879 DRIVER",529
"SOUND","OMAP AUDIO SUPPORT",7265
"SOUND","OPL4 DRIVER",2549
"SOUND","QCOM AUDIO (ASoC) DRIVERS",2290
"SOUND","REAL TIME CLOCK (RTC) SUBSYSTEM",66065
"SOUND","REALTEK AUDIO CODECS",43184
"SOUND","SAMSUNG AUDIO (ASoC) DRIVERS",11667
"SOUND","SAMSUNG MULTIFUNCTION PMIC DEVICE DRIVERS",7389
"SOUND","SOUND",998900
"SOUND","SOUND - COMPRESSED AUDIO",2876
"SOUND","SOUND - DMAENGINE HELPERS",995
"SOUND","SOUND - SOC LAYER / DYNAMIC AUDIO POWER MANAGEMENT (ASoC)",429239
"SOUND","TI LM49xxx FAMILY ASoC CODEC DRIVERS",3155
"SOUND","TI LP8788 MFD DRIVER",3225
"SOUND","TI TAS571X FAMILY ASoC CODEC DRIVER",547
"SOUND","TI TWL4030 SERIES SOC CODEC DRIVER",2236
"SOUND","USB MIDI DRIVER",2531
"SOUND","VOLTAGE AND CURRENT REGULATOR FRAMEWORK",66431
"SOUND","WOLFSON MICROELECTRONICS DRIVERS",165508
"SOUND","XTENSA XTFPGA PLATFORM SUPPORT",839
"SPARSE CHECKER","SPARSE CHECKER",560
"SQUASHFS FILE SYSTEM","SQUASHFS FILE SYSTEM",6290
"SRM (Alpha) environment access","SRM (Alpha) environment access",235
"STABLE BRANCH","STABLE BRANCH",141
"STAGING - FLARION FT1000 DRIVERS","STAGING - FLARION FT1000 DRIVERS",0
"STAGING SUBSYSTEM","ANALOG DEVICES INC IIO DRIVERS",37331
"STAGING SUBSYSTEM","ANDROID DRIVERS",12470
"STAGING SUBSYSTEM","ATMEL SAMA5D2 ADC DRIVER",508
"STAGING SUBSYSTEM","CAPELLA MICROSYSTEMS LIGHT SENSOR DRIVER",1946
"STAGING SUBSYSTEM","DIGI NEO AND CLASSIC PCI PRODUCTS",8744
"STAGING SUBSYSTEM","FBTFT Framebuffer drivers",11820
"STAGING SUBSYSTEM","FREESCALE QORIQ MANAGEMENT COMPLEX DRIVER",8437
"STAGING SUBSYSTEM","HID SENSOR HUB DRIVERS",5640
"STAGING SUBSYSTEM","IIO SUBSYSTEM AND DRIVERS",147320
"STAGING SUBSYSTEM","MELEXIS MLX90614 DRIVER",659
"STAGING SUBSYSTEM","STAGING - COMEDI",100077
"STAGING SUBSYSTEM","STAGING - INDUSTRIAL IO",28718
"STAGING SUBSYSTEM","STAGING - LUSTRE PARALLEL FILESYSTEM",205544
"STAGING SUBSYSTEM","STAGING - NVIDIA COMPLIANT EMBEDDED CONTROLLER INTERFACE (nvec)",2476
"STAGING SUBSYSTEM","STAGING - REALTEK RTL8712U DRIVERS",30277
"STAGING SUBSYSTEM","STAGING - REALTEK RTL8723U WIRELESS DRIVER",66452
"STAGING SUBSYSTEM","STAGING - SILICON MOTION SM750 FRAME BUFFER DRIVER",7180
"STAGING SUBSYSTEM","STAGING - SLICOSS",4627
"STAGING SUBSYSTEM","STAGING - SPEAKUP CONSOLE SPEECH DRIVER",12544
"STAGING SUBSYSTEM","STAGING - VIA VT665X DRIVERS",20182
"STAGING SUBSYSTEM","STAGING - WILC1000 WIFI DRIVER",15413
"STAGING SUBSYSTEM","STAGING - XGI Z7,Z9,Z11 PCI DISPLAY DRIVER",12550
"STAGING SUBSYSTEM","STAGING SUBSYSTEM",885092
"STAGING SUBSYSTEM","UNISYS S-PAR DRIVERS",12661
"STAGING SUBSYSTEM","VME SUBSYSTEM",11180
"SYSTEM CONFIGURATION (SYSCON)","SYSTEM CONFIGURATION (SYSCON)",261
"SYSTEM TRACE MODULE CLASS","SYSTEM TRACE MODULE CLASS",2351
"SYSV FILESYSTEM","SYSV FILESYSTEM",3345
"TARGET SUBSYSTEM","FIREWIRE SBP-2 TARGET",2647
"TARGET SUBSYSTEM","TARGET SUBSYSTEM",58137
"TASKSTATS STATISTICS INTERFACE","TASKSTATS STATISTICS INTERFACE",1107
"TDA18212 MEDIA DRIVER","TDA18212 MEDIA DRIVER",336
"TDA827x MEDIA DRIVER","TDA827x MEDIA DRIVER",949
"TDA827x MEDIA DRIVER","TDA8290 MEDIA DRIVER",949
"TDA9840 MEDIA DRIVER","TDA9840 MEDIA DRIVER",209
"TEA6415C MEDIA DRIVER","TEA6415C MEDIA DRIVER",199
"TEA6420 MEDIA DRIVER","TEA6420 MEDIA DRIVER",178
"TECHNOLOGIC SYSTEMS TS-5500 PLATFORM SUPPORT","TECHNOLOGIC SYSTEMS TS-5500 PLATFORM SUPPORT",352
"THERMAL","SAMSUNG THERMAL DRIVER",1573
"THERMAL","THERMAL",27205
"THERMAL","THERMAL/CPU_COOLING",1381
"THERMAL","TI BANDGAP AND THERMAL DRIVER",4657
"THINGM BLINK(1) USB RGB LED DRIVER","THINGM BLINK(1) USB RGB LED DRIVER",280
"THUNDERBOLT DRIVER","THUNDERBOLT DRIVER",4200
"TI KEYSTONE MULTICORE NAVIGATOR DRIVERS","TI KEYSTONE MULTICORE NAVIGATOR DRIVERS",4202
"TIMEKEEPING, CLOCKSOURCE CORE, NTP, ALARMTIMER","HIGH-RESOLUTION TIMERS, CLOCKEVENTS, DYNTICKS",8942
"TIMEKEEPING, CLOCKSOURCE CORE, NTP, ALARMTIMER","POSIX CLOCKS and TIMERS",9232
"TIMEKEEPING, CLOCKSOURCE CORE, NTP, ALARMTIMER","TIMEKEEPING, CLOCKSOURCE CORE, NTP, ALARMTIMER",13642
"TOPSTAR LAPTOP EXTRAS DRIVER","TOPSTAR LAPTOP EXTRAS DRIVER",187
"TOSHIBA BLUETOOTH DRIVER","TOSHIBA BLUETOOTH DRIVER",298
"TOSHIBA HDD ACTIVE PROTECTION SENSOR DRIVER","TOSHIBA HDD ACTIVE PROTECTION SENSOR DRIVER",273
"TOSHIBA WMI HOTKEYS DRIVER","TOSHIBA WMI HOTKEYS DRIVER",138
"TPM DEVICE DRIVER","TPM DEVICE DRIVER",11796
"TPM DEVICE DRIVER","TPM IBM_VTPM DEVICE DRIVER",795
"TRIVIAL PATCHES","TRIVIAL PATCHES",0
"TTY LAYER","ALTERA UART/JTAG UART SERIAL DRIVERS",1174
"TTY LAYER","ARM PRIMECELL UART PL010 AND PL011 DRIVERS",3732
"TTY LAYER","ATMEL AT91 / AT32 SERIAL DRIVER",2829
"TTY LAYER","BLACKFIN SERIAL DRIVER",1553
"TTY LAYER","CRIS PORT",104239
"TTY LAYER","CYCLADES ASYNC MUX DRIVER",5006
"TTY LAYER","DZ DECSTATION DZ11 SERIAL DRIVER",1076
"TTY LAYER","FREESCALE QUICC ENGINE UCC UART DRIVER",1535
"TTY LAYER","HYPERVISOR VIRTUAL CONSOLE DRIVER",8266
"TTY LAYER","IOC3 SERIAL DRIVER",2198
"TTY LAYER","IPWIRELESS DRIVER",3613
"TTY LAYER","JSM Neo PCI based serial card",4080
"TTY LAYER","MOXA SMARTIO/INDUSTIO/INTELLIO SERIAL CARD",3489
"TTY LAYER","MULTITECH MULTIPORT CARD (ISICOM)",1819
"TTY LAYER","ROCKETPORT DRIVER",4657
"TTY LAYER","ROCKETPORT EXPRESS/INFINITY DRIVER",887
"TTY LAYER","SERIAL DRIVERS",126400
"TTY LAYER","SGI SN-IA64 (Altix) SERIAL CONSOLE DRIVER",5579
"TTY LAYER","SPARC SERIAL DRIVERS",5963
"TTY LAYER","TEGRA SERIAL DRIVER",1406
"TTY LAYER","TTY LAYER",213024
"TTY LAYER","XILINX UARTLITE SERIAL DRIVER",757
"TTY LAYER","ZS DECSTATION Z85C30 SERIAL DRIVER",1593
"TURBOCHANNEL SUBSYSTEM","TURBOCHANNEL SUBSYSTEM",460
"UBI FILE SYSTEM (UBIFS)","UBI FILE SYSTEM (UBIFS)",36145
"UDF FILESYSTEM","UDF FILESYSTEM",11224
"UFS FILESYSTEM","UFS FILESYSTEM",7487
"ULPI BUS","ULPI BUS",468
"ULTRA-WIDEBAND (UWB) SUBSYSTEM:","ULTRA-WIDEBAND (UWB) SUBSYSTEM:",14429
"UNICORE32 ARCHITECTURE:","UNICORE32 ARCHITECTURE:",16564
"UNIFDEF","UNIFDEF",1225
"USB SUBSYSTEM","ALCATEL SPEEDTOUCH USB DRIVER",2312
"USB SUBSYSTEM","AMD GEODE CS5536 USB DEVICE CONTROLLER DRIVER",4034
"USB SUBSYSTEM","ATMEL USBA UDC DRIVER",2676
"USB SUBSYSTEM","BROADCOM BCM63XX/BCM33XX UDC DRIVER",2452
"USB SUBSYSTEM","CERTIFIED WIRELESS USB (WUSB) SUBSYSTEM:",15028
"USB SUBSYSTEM","CHIPIDEA USB HIGH SPEED DUAL ROLE CONTROLLER",7488
"USB SUBSYSTEM","CONEXANT ACCESSRUNNER USB DRIVER",1387
"USB SUBSYSTEM","DESIGNWARE USB2 DRD IP DRIVER",21648
"USB SUBSYSTEM","DESIGNWARE USB3 DRD IP DRIVER",10188
"USB SUBSYSTEM","FREESCALE USB PERIPHERAL DRIVERS",6588
"USB SUBSYSTEM","IKANOS/ADI EAGLE ADSL USB DRIVER",2807
"USB SUBSYSTEM","LEGO USB Tower driver",993
"USB SUBSYSTEM","MICROTEK X6 SCANNER",866
"USB SUBSYSTEM","MUSB MULTIPOINT HIGH SPEED DUAL-ROLE CONTROLLER",23095
"USB SUBSYSTEM","OMAP USB SUPPORT",6587
"USB SUBSYSTEM","SIS USB2VGA DRIVER",7159
"USB SUBSYSTEM","USB ACM DRIVER",2309
"USB SUBSYSTEM","USB ATTACHED SCSI",1176
"USB SUBSYSTEM","USB CHAOSKEY DRIVER",576
"USB SUBSYSTEM","USB CYPRESS C67X00 DRIVER",2733
"USB SUBSYSTEM","USB DIAMOND RIO500 DRIVER",590
"USB SUBSYSTEM","USB EHCI DRIVER",16824
"USB SUBSYSTEM","USB GADGET/PERIPHERAL SUBSYSTEM",127200
"USB SUBSYSTEM","USB ISP116X DRIVER",2345
"USB SUBSYSTEM","USB MASS STORAGE DRIVER",23111
"USB SUBSYSTEM","USB OHCI DRIVER",11825
"USB SUBSYSTEM","USB OTG FSM (Finite State Machine)",454
"USB SUBSYSTEM","USB OVER IP DRIVER",11291
"USB SUBSYSTEM","USB PHY LAYER",13671
"USB SUBSYSTEM","USB PRINTER DRIVER (usblp)",1455
"USB SUBSYSTEM","USB SERIAL SUBSYSTEM",56125
"USB SUBSYSTEM","USB SUBSYSTEM",492231
"USB SUBSYSTEM","USB UHCI DRIVER",5106
"USB SUBSYSTEM","USB WEBCAM GADGET",5294
"USB SUBSYSTEM","USB XHCI DRIVER",19815
"UTIL-LINUX PACKAGE","UTIL-LINUX PACKAGE",0
"VFAT/FAT/MSDOS FILESYSTEM","VFAT/FAT/MSDOS FILESYSTEM",8192
"VFIO DRIVER","VFIO DRIVER",12031
"VFIO DRIVER","VFIO PLATFORM DRIVER",1576
"VIRT LIB","VIRT LIB",260
"VIRTIO HOST (VHOST)","VIRTIO HOST (VHOST)",7004
"VIRTIO INPUT DRIVER","VIRTIO INPUT DRIVER",464
"VIRTUAL SERIO DEVICE DRIVER","VIRTUAL SERIO DEVICE DRIVER",329
"VLYNQ BUS","VLYNQ BUS",976
"VMWARE HYPERVISOR INTERFACE","VMWARE HYPERVISOR INTERFACE",146
"WINSYSTEMS EBC-C384 WATCHDOG DRIVER","WINSYSTEMS EBC-C384 WATCHDOG DRIVER",188
"X86 ARCHITECTURE (32-BIT AND 64-BIT)","ALLWINNER SECURITY SYSTEM",1663
"X86 ARCHITECTURE (32-BIT AND 64-BIT)","AMD CRYPTOGRAPHIC COPROCESSOR (CCP) DRIVER",6640
"X86 ARCHITECTURE (32-BIT AND 64-BIT)","APM DRIVER",3431
"X86 ARCHITECTURE (32-BIT AND 64-BIT)","CALGARY x86-64 IOMMU",1915
"X86 ARCHITECTURE (32-BIT AND 64-BIT)","CPUID/MSR DRIVER",507
"X86 ARCHITECTURE (32-BIT AND 64-BIT)","CRYPTO API",272649
"X86 ARCHITECTURE (32-BIT AND 64-BIT)","CRYPTOGRAPHIC RANDOM NUMBER GENERATOR",714
"X86 ARCHITECTURE (32-BIT AND 64-BIT)","EXTENSIBLE FIRMWARE INTERFACE (EFI)",12737
"X86 ARCHITECTURE (32-BIT AND 64-BIT)","FPU EMULATOR",12928
"X86 ARCHITECTURE (32-BIT AND 64-BIT)","HPET:	x86",1391
"X86 ARCHITECTURE (32-BIT AND 64-BIT)","i386 BOOT CODE",9660
"X86 ARCHITECTURE (32-BIT AND 64-BIT)","IA64 (Itanium) PLATFORM",98191
"X86 ARCHITECTURE (32-BIT AND 64-BIT)","IBM Power 842 compression accelerator",3925
"X86 ARCHITECTURE (32-BIT AND 64-BIT)","IBM Power in-Nest Crypto Acceleration",6537
"X86 ARCHITECTURE (32-BIT AND 64-BIT)","IBM Power VMX Cryptographic instructions",3270
"X86 ARCHITECTURE (32-BIT AND 64-BIT)","INTEL(R) TRUSTED EXECUTION TECHNOLOGY (TXT)",910
"X86 ARCHITECTURE (32-BIT AND 64-BIT)","KERNEL VIRTUAL MACHINE (KVM) FOR AMD-V",4711
"X86 ARCHITECTURE (32-BIT AND 64-BIT)","KMEMCHECK",2408
"X86 ARCHITECTURE (32-BIT AND 64-BIT)","LGUEST",10473
"X86 ARCHITECTURE (32-BIT AND 64-BIT)","MARVELL CRYPTO DRIVER",3799
"X86 ARCHITECTURE (32-BIT AND 64-BIT)","PARAVIRT_OPS INTERFACE",1746
"X86 ARCHITECTURE (32-BIT AND 64-BIT)","PCRYPT PARALLEL CRYPTO ENGINE",571
"X86 ARCHITECTURE (32-BIT AND 64-BIT)","PICOXCELL SUPPORT",2841
"X86 ARCHITECTURE (32-BIT AND 64-BIT)","QAT DRIVER",17684
"X86 ARCHITECTURE (32-BIT AND 64-BIT)","SPARC + UltraSPARC (sparc/sparc64)",129358
"X86 ARCHITECTURE (32-BIT AND 64-BIT)","SVGA HANDLING",1611
"X86 ARCHITECTURE (32-BIT AND 64-BIT)","SWIOTLB SUBSYSTEM",1312
"X86 ARCHITECTURE (32-BIT AND 64-BIT)","USER-MODE LINUX (UML)",37593
"X86 ARCHITECTURE (32-BIT AND 64-BIT)","X86 ARCHITECTURE (32-BIT AND 64-BIT)",368099
"X86 ARCHITECTURE (32-BIT AND 64-BIT)","X86 MCE INFRASTRUCTURE",5802
"X86 ARCHITECTURE (32-BIT AND 64-BIT)","X86 MICROCODE UPDATE SUPPORT",2890
"X86 ARCHITECTURE (32-BIT AND 64-BIT)","X86 VDSO",1969
"X86 ARCHITECTURE (32-BIT AND 64-BIT)","XEN BLOCK SUBSYSTEM",5843
"X86 ARCHITECTURE (32-BIT AND 64-BIT)","XEN HYPERVISOR INTERFACE",55755
"X86 ARCHITECTURE (32-BIT AND 64-BIT)","XEN PVSCSI DRIVERS",3329
"X86 ARCHITECTURE (32-BIT AND 64-BIT)","XEN SWIOTLB SUBSYSTEM",790
"X86 PLATFORM DRIVERS","ACER ASPIRE ONE TEMPERATURE AND FAN DRIVER",813
"X86 PLATFORM DRIVERS","ACER WMI LAPTOP EXTRAS",2252
"X86 PLATFORM DRIVERS","ACPI WMI DRIVER",930
"X86 PLATFORM DRIVERS","ASUS NOTEBOOKS AND EEEPC ACPI/WMI EXTRAS DRIVERS",6612
"X86 PLATFORM DRIVERS","ASUS WIRELESS RADIO CONTROL DRIVER",84
"X86 PLATFORM DRIVERS","CMPC ACPI DRIVER",1171
"X86 PLATFORM DRIVERS","COMPAL LAPTOP SUPPORT",1139
"X86 PLATFORM DRIVERS","DELL LAPTOP DRIVER",2093
"X86 PLATFORM DRIVERS","DELL LAPTOP RBTN DRIVER",462
"X86 PLATFORM DRIVERS","DELL WMI EXTRAS DRIVER",716
"X86 PLATFORM DRIVERS","FUJITSU LAPTOP EXTRAS",1221
"X86 PLATFORM DRIVERS","FUJITSU TABLET EXTRAS",554
"X86 PLATFORM DRIVERS","HARD DRIVE ACTIVE PROTECTION SYSTEM (HDAPS) DRIVER",641
"X86 PLATFORM DRIVERS","IDEAPAD LAPTOP EXTRAS DRIVER",1074
"X86 PLATFORM DRIVERS","INTEL MENLOW THERMAL DRIVER",537
"X86 PLATFORM DRIVERS","INTEL PMC/P-Unit IPC DRIVER",1413
"X86 PLATFORM DRIVERS","INTEL TELEMETRY DRIVER",2860
"X86 PLATFORM DRIVERS","LIS3LV02D ACCELEROMETER DRIVER",2608
"X86 PLATFORM DRIVERS","MSI LAPTOP SUPPORT",1200
"X86 PLATFORM DRIVERS","MSI WMI SUPPORT",363
"X86 PLATFORM DRIVERS","PANASONIC LAPTOP ACPI EXTRAS DRIVER",671
"X86 PLATFORM DRIVERS","SAMSUNG LAPTOP DRIVER",1815
"X86 PLATFORM DRIVERS","SONY VAIO CONTROL DEVICE DRIVER",6675
"X86 PLATFORM DRIVERS","THINKPAD ACPI EXTRAS DRIVER",9815
"X86 PLATFORM DRIVERS","TOSHIBA ACPI EXTRAS DRIVER",3233
"X86 PLATFORM DRIVERS","X86 PLATFORM DRIVERS",58734
"XEN HYPERVISOR ARM64","XEN HYPERVISOR ARM64",129
"XFS FILESYSTEM","XFS FILESYSTEM",107961
"XILLYBUS DRIVER","XILLYBUS DRIVER",2723
"ZRAM COMPRESSED RAM BLOCK DEVICE DRVIER","ZRAM COMPRESSED RAM BLOCK DEVICE DRVIER",2432
